,Tower,Floor,Unit,Area,Price,Price/SA,PL_no,ID,Date_PASP,Date_ASP,Trans_Price,Payment_Terms,first_sale
0,Tower 1A,1,A,643,"16,137,000","25,096",PL1,One_VicTower 1A1A,03-07-2021,09-07-2021,"$13,958,000",A,03-07-2021
1,Tower 1A,1,B,444,"10,613,000","23,903",PL1,One_VicTower 1A1B,03-07-2021,09-07-2021,"$9,604,000",C,03-07-2021
2,Tower 1A,1,C,438,"10,739,000","24,518",PL1,One_VicTower 1A1C,10-07-2021,16-07-2021,"$9,718,000",C,
3,Tower 1A,2,A,643,"16,434,000","25,558",PL1,One_VicTower 1A2A,03-07-2021,09-07-2021,"$14,872,000",C,03-07-2021
4,Tower 1A,2,B,444,"10,964,000","24,694",PL1,One_VicTower 1A2B,03-07-2021,09-07-2021,"$9,483,000",A,03-07-2021
5,Tower 1A,2,C,438,"11,050,000","25,228",PL1,One_VicTower 1A2C,10-07-2021,16-07-2021,"$10,000,000",C,
6,Tower 1A,3,A,643,"16,545,000","25,731",PL1,One_VicTower 1A3A,03-07-2021,09-07-2021,"$14,311,000",A,03-07-2021
7,Tower 1A,3,B,444,"11,168,000","25,153",PL1,One_VicTower 1A3B,03-07-2021,08-07-2021,"$9,660,000",A,03-07-2021
8,Tower 1A,3,C,438,"11,271,000","25,733",PL1,One_VicTower 1A3C,10-07-2021,15-07-2021,"$10,200,000",C,
9,Tower 1A,5,A,643,"16,657,000","25,905",PL1,One_VicTower 1A5A,03-07-2021,09-07-2021,"$15,074,000",C,03-07-2021
10,Tower 1A,5,B,444,"11,246,000","25,329",PL1,One_VicTower 1A5B,03-07-2021,09-07-2021,"$9,727,000",A,03-07-2021
11,Tower 1A,5,C,438,"11,346,000","25,904",PL1,One_VicTower 1A5C,10-07-2021,16-07-2021,"$10,381,000",D,
12,Tower 1A,6,A,643,"16,768,000","26,078",PL1,One_VicTower 1A6A,03-07-2021,09-07-2021,"$14,504,000",A,03-07-2021
13,Tower 1A,6,B,444,"11,322,000","25,500",PL1,One_VicTower 1A6B,03-07-2021,09-07-2021,"$9,793,000",A,03-07-2021
14,Tower 1A,6,C,438,"11,422,000","26,078",PL1,One_VicTower 1A6C,10-07-2021,16-07-2021,"$9,994,000",B,
15,Tower 1A,7,A,643,"16,879,000","26,250",PL1,One_VicTower 1A7A,03-07-2021,07-07-2021,"$14,600,000",A,03-07-2021
16,Tower 1A,7,B,444,"11,399,000","25,673",PL1,One_VicTower 1A7B,03-07-2021,09-07-2021,"$10,430,000",D,03-07-2021
17,Tower 1A,7,C,438,"11,499,000","26,253",PL1,One_VicTower 1A7C,10-07-2021,16-07-2021,"$10,521,000",D,
18,Tower 1A,8,A,643,"17,102,000","26,597",PL1,One_VicTower 1A8A,03-07-2021,09-07-2021,"$15,477,000",C,03-07-2021
19,Tower 1A,8,B,444,"11,553,000","26,020",PL1,One_VicTower 1A8B,03-07-2021,09-07-2021,"$9,993,000",A,03-07-2021
20,Tower 1A,8,C,438,"11,650,000","26,598",PL1,One_VicTower 1A8C,03-07-2021,09-07-2021,"$10,077,000",A,03-07-2021
21,Tower 1A,9,A,643,"17,102,000","26,597",PL1,One_VicTower 1A9A,03-07-2021,09-07-2021,"$14,793,000",A,03-07-2021
22,Tower 1A,9,B,444,"11,553,000","26,020",PL1,One_VicTower 1A9B,03-07-2021,09-07-2021,"$10,455,000",C,03-07-2021
23,Tower 1A,9,C,438,"11,650,000","26,598",PL1,One_VicTower 1A9C,03-07-2021,08-07-2021,"$10,193,000",B,03-07-2021
24,Tower 1A,10,A,643,"17,399,000","27,059",PL1,One_VicTower 1A10A,03-07-2021,09-07-2021,"$15,050,000",A,03-07-2021
25,Tower 1A,10,B,444,"11,631,000","26,196",PL1,One_VicTower 1A10B,03-07-2021,07-07-2021,"$10,526,000",C,03-07-2021
26,Tower 1A,10,C,438,"11,725,000","26,769",PL1,One_VicTower 1A10C,03-07-2021,09-07-2021,"$10,728,000",D,03-07-2021
27,Tower 1A,11,A,643,"18,346,000","28,532",PL1,One_VicTower 1A11A,03-07-2021,09-07-2021,"$16,603,000",C,03-07-2021
28,Tower 1A,11,B,444,"11,707,000","26,367",PL1,One_VicTower 1A11B,03-07-2021,09-07-2021,"$10,594,000",C,03-07-2021
29,Tower 1A,11,C,438,"11,802,000","26,945",PL1,One_VicTower 1A11C,03-07-2021,08-07-2021,"$10,680,000",C,03-07-2021
30,Tower 1A,12,A,643,"19,016,000","29,574",PL1,One_VicTower 1A12A,03-07-2021,09-07-2021,"$16,448,000",A,03-07-2021
31,Tower 1A,12,B,444,"11,784,000","26,541",PL1,One_VicTower 1A12B,03-07-2021,09-07-2021,"$10,193,000",A,03-07-2021
32,Tower 1A,12,C,438,"11,878,000","27,119",PL1,One_VicTower 1A12C,03-07-2021,09-07-2021,"$10,274,000",A,03-07-2021
33,Tower 1A,15,A,643,"19,127,000","29,747",PL1,One_VicTower 1A15A,03-07-2021,09-07-2021,"$17,309,000",C,03-07-2021
34,Tower 1A,15,B,444,"11,861,000","26,714",PL1,One_VicTower 1A15B,03-07-2021,09-07-2021,"$10,734,000",C,03-07-2021
35,Tower 1A,15,C,438,"11,953,000","27,290",PL1,One_VicTower 1A15C,03-07-2021,09-07-2021,"$10,817,000",C,03-07-2021
36,Tower 1A,16,B,444,"11,938,000","26,887",PL1,One_VicTower 1A16B,03-07-2021,07-07-2021,"$10,326,000",A,03-07-2021
37,Tower 1A,16,C,438,"12,029,000","27,463",PL1,One_VicTower 1A16C,03-07-2021,09-07-2021,"$10,886,000",C,03-07-2021
38,Tower 1A,17,B,444,"12,014,000","27,059",PL1,One_VicTower 1A17B,03-07-2021,09-07-2021,"$10,872,000",C,03-07-2021
39,Tower 1A,18,B,444,"12,168,000","27,405",PL1,One_VicTower 1A18B,03-07-2021,08-07-2021,"$10,525,000",A,03-07-2021
40,Tower 1A,19,B,444,"12,168,000","27,405",PL1,One_VicTower 1A19B,03-07-2021,09-07-2021,"$10,647,000",B,03-07-2021
41,Tower 1A,20,B,444,"12,246,000","27,581",PL1,One_VicTower 1A20B,03-07-2021,09-07-2021,"$11,082,000",C,03-07-2021
42,Tower 1B,1,A,454,"11,525,000","25,385",PL1,One_VicTower 1B1A,03-07-2021,09-07-2021,"$10,545,000",D,03-07-2021
43,Tower 1B,1,B,564,"14,236,000","25,241",PL1,One_VicTower 1B1B,,,,,03-07-2021
44,Tower 1B,1,C,460,"10,747,000","23,363",PL1,One_VicTower 1B1C,10-07-2021,16-07-2021,"$9,726,000",C,
45,Tower 1B,1,D,330,"7,588,000","22,994",PL1,One_VicTower 1B1D,03-07-2021,09-07-2021,"$6,867,000",C,03-07-2021
46,Tower 1B,1,E,330,"7,588,000","22,994",PL1,One_VicTower 1B1E,10-07-2021,16-07-2021,"$6,563,000",A,
47,Tower 1B,1,F,330,"7,588,000","22,994",PL1,One_VicTower 1B1F,03-07-2021,09-07-2021,"$6,867,000",C,03-07-2021
48,Tower 1B,1,H,598,"15,007,000","25,095",PL1,One_VicTower 1B1H,03-07-2021,09-07-2021,"$13,581,000",C,03-07-2021
49,Tower 1B,2,A,454,"11,735,000","25,848",PL1,One_VicTower 1B2A,03-07-2021,08-07-2021,"$10,737,000",D,03-07-2021
50,Tower 1B,2,B,564,"14,496,000","25,702",PL1,One_VicTower 1B2B,04-07-2021,08-07-2021,"$12,539,000",A,03-07-2021
51,Tower 1B,2,C,460,"11,226,000","24,404",PL1,One_VicTower 1B2C,10-07-2021,16-07-2021,"$9,822,000",B,
52,Tower 1B,2,D,330,"8,054,000","24,406",PL1,One_VicTower 1B2D,03-07-2021,09-07-2021,"$7,288,000",C,03-07-2021
53,Tower 1B,2,E,330,"8,054,000","24,406",PL1,One_VicTower 1B2E,10-07-2021,16-07-2021,"$6,966,000",A,
54,Tower 1B,2,F,330,"8,054,000","24,406",PL1,One_VicTower 1B2F,03-07-2021,09-07-2021,"$7,288,000",C,03-07-2021
55,Tower 1B,2,H,598,"15,284,000","25,559",PL1,One_VicTower 1B2H,03-07-2021,09-07-2021,"$13,373,000",B,03-07-2021
56,Tower 1B,3,A,454,"11,813,000","26,020",PL1,One_VicTower 1B3A,03-07-2021,09-07-2021,"$10,336,000",B,03-07-2021
57,Tower 1B,3,B,564,"14,594,000","25,876",PL1,One_VicTower 1B3B,03-07-2021,09-07-2021,"$13,207,000",C,03-07-2021
58,Tower 1B,3,C,460,"11,570,000","25,152",PL1,One_VicTower 1B3C,10-07-2021,16-07-2021,"$10,470,000",C,
59,Tower 1B,3,D,330,"8,301,000","25,155",PL1,One_VicTower 1B3D,03-07-2021,08-07-2021,"$7,263,000",B,03-07-2021
60,Tower 1B,3,E,330,"8,301,000","25,155",PL1,One_VicTower 1B3E,10-07-2021,16-07-2021,"$7,512,000",C,
61,Tower 1B,3,F,330,"8,301,000","25,155",PL1,One_VicTower 1B3F,03-07-2021,09-07-2021,"$7,512,000",C,03-07-2021
62,Tower 1B,3,H,598,"15,388,000","25,732",PL1,One_VicTower 1B3H,03-07-2021,09-07-2021,"$13,926,000",C,03-07-2021
63,Tower 1B,5,A,454,"11,892,000","26,194",PL1,One_VicTower 1B5A,03-07-2021,09-07-2021,"$10,762,000",C,03-07-2021
64,Tower 1B,5,B,564,"14,692,000","26,050",PL1,One_VicTower 1B5B,03-07-2021,07-07-2021,"$13,443,000",D,03-07-2021
65,Tower 1B,5,C,460,"11,783,000","25,615",PL1,One_VicTower 1B5C,10-07-2021,16-07-2021,"$10,310,000",B,
66,Tower 1B,5,D,330,"8,454,000","25,618",PL1,One_VicTower 1B5D,03-07-2021,08-07-2021,"$7,650,000",C,03-07-2021
67,Tower 1B,5,E,330,"8,454,000","25,618",PL1,One_VicTower 1B5E,10-07-2021,16-07-2021,"$7,312,000",A,
68,Tower 1B,5,F,330,"8,454,000","25,618",PL1,One_VicTower 1B5F,03-07-2021,09-07-2021,"$7,650,000",C,03-07-2021
69,Tower 1B,5,H,598,"15,491,000","25,905",PL1,One_VicTower 1B5H,03-07-2021,09-07-2021,"$14,174,000",D,03-07-2021
70,Tower 1B,6,A,454,"11,970,000","26,366",PL1,One_VicTower 1B6A,03-07-2021,09-07-2021,"$10,354,000",A,03-07-2021
71,Tower 1B,6,B,564,"14,790,000","26,223",PL1,One_VicTower 1B6B,03-07-2021,08-07-2021,"$12,793,000",A,03-07-2021
72,Tower 1B,6,C,460,"11,863,000","25,789",PL1,One_VicTower 1B6C,10-07-2021,15-07-2021,"$10,736,000",C,
73,Tower 1B,6,D,330,"8,510,000","25,788",PL1,One_VicTower 1B6D,03-07-2021,09-07-2021,"$7,701,000",C,03-07-2021
74,Tower 1B,6,E,330,"8,510,000","25,788",PL1,One_VicTower 1B6E,10-07-2021,16-07-2021,"$7,701,000",C,
75,Tower 1B,6,F,330,"8,510,000","25,788",PL1,One_VicTower 1B6F,03-07-2021,09-07-2021,"$7,701,000",C,03-07-2021
76,Tower 1B,6,H,598,"15,595,000","26,079",PL1,One_VicTower 1B6H,03-07-2021,07-07-2021,"$13,489,000",A,03-07-2021
77,Tower 1B,7,A,454,"12,049,000","26,540",PL1,One_VicTower 1B7A,03-07-2021,09-07-2021,"$10,904,000",C,03-07-2021
78,Tower 1B,7,B,564,"14,887,000","26,395",PL1,One_VicTower 1B7B,03-07-2021,09-07-2021,"$13,472,000",C,03-07-2021
79,Tower 1B,7,C,460,"11,943,000","25,963",PL1,One_VicTower 1B7C,10-07-2021,16-07-2021,"$10,808,000",C,
80,Tower 1B,7,D,330,"8,568,000","25,964",PL1,One_VicTower 1B7D,03-07-2021,09-07-2021,"$7,754,000",C,03-07-2021
81,Tower 1B,7,E,330,"8,568,000","25,964",PL1,One_VicTower 1B7E,10-07-2021,16-07-2021,"$7,754,000",C,
82,Tower 1B,7,F,330,"8,568,000","25,964",PL1,One_VicTower 1B7F,03-07-2021,09-07-2021,"$7,754,000",C,03-07-2021
83,Tower 1B,7,H,598,"15,699,000","26,253",PL1,One_VicTower 1B7H,03-07-2021,09-07-2021,"$13,579,000",A,03-07-2021
84,Tower 1B,8,A,454,"12,206,000","26,885",PL1,One_VicTower 1B8A,03-07-2021,08-07-2021,"$11,168,000",D,03-07-2021
85,Tower 1B,8,B,564,"15,083,000","26,743",PL1,One_VicTower 1B8B,03-07-2021,08-07-2021,"$13,046,000",A,03-07-2021
86,Tower 1B,8,C,460,"12,102,000","26,309",PL1,One_VicTower 1B8C,10-07-2021,16-07-2021,"$10,468,000",A,
87,Tower 1B,8,D,330,"8,683,000","26,312",PL1,One_VicTower 1B8D,03-07-2021,09-07-2021,"$7,858,000",C,03-07-2021
88,Tower 1B,8,E,330,"8,683,000","26,312",PL1,One_VicTower 1B8E,10-07-2021,16-07-2021,"$7,510,000",A,
89,Tower 1B,8,F,330,"8,683,000","26,312",PL1,One_VicTower 1B8F,03-07-2021,09-07-2021,"$7,858,000",C,03-07-2021
90,Tower 1B,8,H,598,"15,906,000","26,599",PL1,One_VicTower 1B8H,03-07-2021,09-07-2021,"$13,758,000",A,03-07-2021
91,Tower 1B,9,A,454,"12,206,000","26,885",PL1,One_VicTower 1B9A,03-07-2021,09-07-2021,"$10,680,000",B,03-07-2021
92,Tower 1B,9,B,564,"15,083,000","26,743",PL1,One_VicTower 1B9B,03-07-2021,09-07-2021,"$13,800,000",D,03-07-2021
93,Tower 1B,9,C,460,"12,102,000","26,309",PL1,One_VicTower 1B9C,10-07-2021,16-07-2021,"$10,468,000",A,
94,Tower 1B,9,D,330,"8,683,000","26,312",PL1,One_VicTower 1B9D,03-07-2021,09-07-2021,"$7,858,000",C,03-07-2021
95,Tower 1B,9,E,330,"8,683,000","26,312",PL1,One_VicTower 1B9E,10-07-2021,16-07-2021,"$7,858,000",C,
96,Tower 1B,9,F,330,"8,683,000","26,312",PL1,One_VicTower 1B9F,03-07-2021,09-07-2021,"$7,597,000",B,03-07-2021
97,Tower 1B,9,H,598,"15,906,000","26,599",PL1,One_VicTower 1B9H,03-07-2021,09-07-2021,"$14,394,000",C,03-07-2021
98,Tower 1B,10,A,454,"12,417,000","27,350",PL1,One_VicTower 1B10A,03-07-2021,09-07-2021,"$10,740,000",A,03-07-2021
99,Tower 1B,10,B,564,"15,344,000","27,206",PL1,One_VicTower 1B10B,03-07-2021,09-07-2021,"$13,426,000",B,03-07-2021
100,Tower 1B,10,C,460,"12,182,000","26,483",PL1,One_VicTower 1B10C,10-07-2021,16-07-2021,"$11,024,000",C,
101,Tower 1B,10,D,330,"8,739,000","26,482",PL1,One_VicTower 1B10D,03-07-2021,09-07-2021,"$7,908,000",C,03-07-2021
102,Tower 1B,10,E,330,"8,739,000","26,482",PL1,One_VicTower 1B10E,10-07-2021,16-07-2021,"$7,908,000",C,
103,Tower 1B,10,F,330,"8,739,000","26,482",PL1,One_VicTower 1B10F,03-07-2021,09-07-2021,"$7,908,000",C,03-07-2021
104,Tower 1B,10,H,598,"16,182,000","27,060",PL1,One_VicTower 1B10H,03-07-2021,08-07-2021,"$14,644,000",C,03-07-2021
105,Tower 1B,11,B,564,"16,093,000","28,534",PL1,One_VicTower 1B11B,03-07-2021,09-07-2021,"$13,920,000",A,03-07-2021
106,Tower 1B,11,C,460,"12,262,000","26,657",PL1,One_VicTower 1B11C,03-07-2021,08-07-2021,"$11,219,000",D,03-07-2021
107,Tower 1B,11,D,330,"8,797,000","26,658",PL1,One_VicTower 1B11D,03-07-2021,08-07-2021,"$7,961,000",C,03-07-2021
108,Tower 1B,11,E,330,"8,797,000","26,658",PL1,One_VicTower 1B11E,10-07-2021,16-07-2021,"$7,961,000",C,
109,Tower 1B,11,F,330,"8,797,000","26,658",PL1,One_VicTower 1B11F,03-07-2021,09-07-2021,"$7,609,000",A,03-07-2021
110,Tower 1B,11,H,598,"16,976,000","28,388",PL1,One_VicTower 1B11H,03-07-2021,09-07-2021,"$15,363,000",C,03-07-2021
111,Tower 1B,12,B,564,"16,353,000","28,995",PL1,One_VicTower 1B12B,03-07-2021,08-07-2021,"$14,145,000",A,03-07-2021
112,Tower 1B,12,C,460,"12,342,000","26,830",PL1,One_VicTower 1B12C,03-07-2021,09-07-2021,"$10,675,000",A,03-07-2021
113,Tower 1B,12,D,330,"8,854,000","26,830",PL1,One_VicTower 1B12D,03-07-2021,09-07-2021,"$7,747,000",B,03-07-2021
114,Tower 1B,12,E,330,"8,854,000","26,830",PL1,One_VicTower 1B12E,10-07-2021,16-07-2021,"$8,012,000",C,
115,Tower 1B,12,F,330,"8,854,000","26,830",PL1,One_VicTower 1B12F,03-07-2021,09-07-2021,"$7,658,000",A,03-07-2021
116,Tower 1B,12,H,598,"17,253,000","28,851",PL1,One_VicTower 1B12H,03-07-2021,09-07-2021,"$15,096,000",B,03-07-2021
117,Tower 1B,15,B,564,"16,451,000","29,168",PL1,One_VicTower 1B15B,03-07-2021,09-07-2021,"$14,230,000",A,03-07-2021
118,Tower 1B,15,C,460,"12,421,000","27,002",PL1,One_VicTower 1B15C,03-07-2021,09-07-2021,"$11,241,000",C,03-07-2021
119,Tower 1B,15,D,330,"8,911,000","27,003",PL1,One_VicTower 1B15D,03-07-2021,09-07-2021,"$8,064,000",C,03-07-2021
120,Tower 1B,15,E,330,"8,911,000","27,003",PL1,One_VicTower 1B15E,10-07-2021,16-07-2021,"$8,064,000",C,
121,Tower 1B,15,F,330,"8,911,000","27,003",PL1,One_VicTower 1B15F,03-07-2021,09-07-2021,"$7,708,000",A,03-07-2021
122,Tower 1B,15,H,598,"17,357,000","29,025",PL1,One_VicTower 1B15H,03-07-2021,09-07-2021,"$15,013,000",A,03-07-2021
123,Tower 1B,16,B,564,"16,548,000","29,340",PL1,One_VicTower 1B16B,03-07-2021,09-07-2021,"$14,975,000",C,03-07-2021
124,Tower 1B,16,C,460,"12,501,000","27,176",PL1,One_VicTower 1B16C,03-07-2021,07-07-2021,"$10,813,000",A,03-07-2021
125,Tower 1B,16,D,330,"8,968,000","27,176",PL1,One_VicTower 1B16D,03-07-2021,09-07-2021,"$8,116,000",C,03-07-2021
126,Tower 1B,16,E,330,"8,968,000","27,176",PL1,One_VicTower 1B16E,10-07-2021,16-07-2021,"$7,757,000",A,
127,Tower 1B,16,F,330,"8,968,000","27,176",PL1,One_VicTower 1B16F,03-07-2021,07-07-2021,"$7,757,000",A,03-07-2021
128,Tower 1B,17,B,564,"16,647,000","29,516",PL1,One_VicTower 1B17B,03-07-2021,09-07-2021,"$15,065,000",C,03-07-2021
129,Tower 1B,17,C,460,"12,581,000","27,350",PL1,One_VicTower 1B17C,03-07-2021,09-07-2021,"$11,385,000",C,03-07-2021
130,Tower 1B,17,D,330,"9,025,000","27,348",PL1,One_VicTower 1B17D,03-07-2021,09-07-2021,"$8,167,000",C,03-07-2021
131,Tower 1B,17,E,330,"9,025,000","27,348",PL1,One_VicTower 1B17E,10-07-2021,16-07-2021,"$7,806,000",A,
132,Tower 1B,17,F,330,"9,025,000","27,348",PL1,One_VicTower 1B17F,03-07-2021,09-07-2021,"$8,167,000",C,03-07-2021
133,Tower 1B,18,B,564,"16,842,000","29,862",PL1,One_VicTower 1B18B,03-07-2021,09-07-2021,"$15,242,000",C,03-07-2021
134,Tower 1B,18,D,330,"9,139,000","27,694",PL1,One_VicTower 1B18D,03-07-2021,09-07-2021,"$8,270,000",C,03-07-2021
135,Tower 1B,18,E,330,"9,139,000","27,694",PL1,One_VicTower 1B18E,10-07-2021,16-07-2021,"$8,270,000",C,
136,Tower 1B,19,B,564,"16,842,000","29,862",PL1,One_VicTower 1B19B,03-07-2021,09-07-2021,"$14,568,000",A,03-07-2021
137,Tower 1B,19,D,330,"9,139,000","27,694",PL1,One_VicTower 1B19D,03-07-2021,09-07-2021,"$8,270,000",C,03-07-2021
138,Tower 1B,19,E,330,"9,139,000","27,694",PL1,One_VicTower 1B19E,10-07-2021,16-07-2021,"$8,270,000",C,
139,Tower 1B,20,D,330,"9,197,000","27,870",PL1,One_VicTower 1B20D,03-07-2021,09-07-2021,"$8,323,000",C,03-07-2021
140,Tower 1B,20,E,330,"9,197,000","27,870",PL1,One_VicTower 1B20E,10-07-2021,16-07-2021,"$8,323,000",C,
141,Tower 1B,21,D,330,"9,254,000","28,042",PL1,One_VicTower 1B21D,03-07-2021,09-07-2021,"$8,374,000",C,03-07-2021
142,Tower 1B,22,D,330,"9,311,000","28,215",PL1,One_VicTower 1B22D,03-07-2021,09-07-2021,"$8,054,000",A,03-07-2021
143,Tower 1B,23,D,330,"9,368,000","28,388",PL1,One_VicTower 1B23D,03-07-2021,09-07-2021,"$8,197,000",B,03-07-2021
144,Tower 1B,25,D,330,"9,426,000","28,564",PL1,One_VicTower 1B25D,03-07-2021,09-07-2021,"$8,530,000",C,03-07-2021
145,Tower 1B,26,D,330,"9,483,000","28,736",PL1,One_VicTower 1B26D,03-07-2021,09-07-2021,"$8,582,000",C,03-07-2021
146,Tower 1B,27,D,330,"9,540,000","28,909",PL1,One_VicTower 1B27D,03-07-2021,09-07-2021,"$8,252,000",A,03-07-2021
147,Tower 1B,28,D,330,"9,655,000","29,258",PL1,One_VicTower 1B28D,03-07-2021,09-07-2021,"$8,737,000",C,03-07-2021
148,Tower 1B,29,D,330,"9,655,000","29,258",PL1,One_VicTower 1B29D,03-07-2021,09-07-2021,"$8,737,000",C,03-07-2021
149,Tower 1B,30,D,330,"9,711,000","29,427",PL1,One_VicTower 1B30D,03-07-2021,09-07-2021,"$8,788,000",C,03-07-2021
150,Tower 1B,31,D,330,"9,768,000","29,600",PL1,One_VicTower 1B31D,03-07-2021,09-07-2021,"$8,840,000",C,03-07-2021
151,Tower 1B,32,D,330,"9,826,000","29,776",PL1,One_VicTower 1B32D,03-07-2021,09-07-2021,"$8,892,000",C,03-07-2021
152,Tower 1B,33,D,330,"9,883,000","29,948",PL1,One_VicTower 1B33D,03-07-2021,09-07-2021,"$8,944,000",C,03-07-2021
153,Tower 1B,35,D,330,"9,940,000","30,121",PL1,One_VicTower 1B35D,03-07-2021,09-07-2021,"$8,598,000",A,03-07-2021
154,Tower 1B,36,D,329,"9,967,000","30,295",PL1,One_VicTower 1B36D,03-07-2021,08-07-2021,"$8,621,000",A,03-07-2021
155,Tower 2A,1,F,445,"10,782,000","24,229",PL1,One_VicTower 2A1F,03-07-2021,09-07-2021,"$9,326,000",A,03-07-2021
156,Tower 2A,1,G,482,"11,610,000","24,087",PL1,One_VicTower 2A1G,03-07-2021,09-07-2021,"$10,623,000",D,03-07-2021
157,Tower 2A,2,F,445,"11,116,000","24,980",PL1,One_VicTower 2A2F,03-07-2021,09-07-2021,"$10,059,000",C,03-07-2021
158,Tower 2A,2,G,482,"11,972,000","24,838",PL1,One_VicTower 2A2G,03-07-2021,09-07-2021,"$10,834,000",C,03-07-2021
159,Tower 2A,3,F,445,"11,194,000","25,155",PL1,One_VicTower 2A3F,03-07-2021,09-07-2021,"$10,130,000",C,03-07-2021
160,Tower 2A,3,G,482,"12,055,000","25,010",PL1,One_VicTower 2A3G,03-07-2021,09-07-2021,"$10,427,000",A,03-07-2021
161,Tower 2A,5,F,445,"11,271,000","25,328",PL1,One_VicTower 2A5F,03-07-2021,09-07-2021,"$10,200,000",C,03-07-2021
162,Tower 2A,5,G,482,"12,138,000","25,183",PL1,One_VicTower 2A5G,03-07-2021,08-07-2021,"$10,620,000",B,03-07-2021
163,Tower 2A,6,F,445,"11,347,000","25,499",PL1,One_VicTower 2A6F,03-07-2021,09-07-2021,"$10,269,000",C,03-07-2021
164,Tower 2A,6,G,482,"12,221,000","25,355",PL1,One_VicTower 2A6G,03-07-2021,09-07-2021,"$11,060,000",C,03-07-2021
165,Tower 2A,7,F,445,"11,425,000","25,674",PL1,One_VicTower 2A7F,03-07-2021,09-07-2021,"$9,882,000",A,03-07-2021
166,Tower 2A,7,G,482,"12,306,000","25,531",PL1,One_VicTower 2A7G,03-07-2021,09-07-2021,"$10,767,000",B,03-07-2021
167,Tower 2A,8,F,445,"11,580,000","26,022",PL1,One_VicTower 2A8F,03-07-2021,09-07-2021,"$10,016,000",A,03-07-2021
168,Tower 2A,8,G,482,"12,472,000","25,876",PL1,One_VicTower 2A8G,03-07-2021,09-07-2021,"$11,411,000",D,03-07-2021
169,Tower 2A,9,F,445,"11,580,000","26,022",PL1,One_VicTower 2A9F,03-07-2021,09-07-2021,"$10,016,000",A,03-07-2021
170,Tower 2A,9,G,482,"12,472,000","25,876",PL1,One_VicTower 2A9G,03-07-2021,09-07-2021,"$10,788,000",A,03-07-2021
171,Tower 2A,10,F,445,"11,656,000","26,193",PL1,One_VicTower 2A10F,03-07-2021,09-07-2021,"$10,548,000",C,03-07-2021
172,Tower 2A,10,G,482,"12,555,000","26,048",PL1,One_VicTower 2A10G,03-07-2021,09-07-2021,"$11,362,000",C,03-07-2021
173,Tower 2A,11,F,445,"11,733,000","26,366",PL1,One_VicTower 2A11F,03-07-2021,09-07-2021,"$10,618,000",C,03-07-2021
174,Tower 2A,11,G,482,"12,640,000","26,224",PL1,One_VicTower 2A11G,03-07-2021,09-07-2021,"$11,439,000",C,03-07-2021
175,Tower 2A,12,F,445,"11,811,000","26,542",PL1,One_VicTower 2A12F,03-07-2021,09-07-2021,"$10,216,000",A,03-07-2021
176,Tower 2A,12,G,482,"12,723,000","26,396",PL1,One_VicTower 2A12G,03-07-2021,09-07-2021,"$11,514,000",C,03-07-2021
177,Tower 2A,15,F,445,"11,887,000","26,712",PL1,One_VicTower 2A15F,03-07-2021,08-07-2021,"$10,757,000",C,03-07-2021
178,Tower 2A,15,G,482,"12,806,000","26,568",PL1,One_VicTower 2A15G,03-07-2021,09-07-2021,"$11,077,000",A,03-07-2021
179,Tower 2A,16,F,445,"11,965,000","26,888",PL1,One_VicTower 2A16F,03-07-2021,09-07-2021,"$10,469,000",B,03-07-2021
180,Tower 2A,16,G,482,"12,890,000","26,743",PL1,One_VicTower 2A16G,03-07-2021,09-07-2021,"$11,149,000",A,03-07-2021
181,Tower 2A,17,F,445,"12,042,000","27,061",PL1,One_VicTower 2A17F,03-07-2021,09-07-2021,"$10,536,000",B,03-07-2021
182,Tower 2A,17,G,482,"12,974,000","26,917",PL1,One_VicTower 2A17G,03-07-2021,07-07-2021,"$11,871,000",D,03-07-2021
183,Tower 2A,18,F,445,"12,196,000","27,407",PL1,One_VicTower 2A18F,03-07-2021,09-07-2021,"$11,037,000",C,03-07-2021
184,Tower 2A,18,G,482,"13,140,000","27,261",PL1,One_VicTower 2A18G,03-07-2021,09-07-2021,"$11,891,000",C,03-07-2021
185,Tower 2A,19,F,445,"12,196,000","27,407",PL1,One_VicTower 2A19F,03-07-2021,09-07-2021,"$10,549,000",A,03-07-2021
186,Tower 2A,19,G,482,"13,140,000","27,261",PL1,One_VicTower 2A19G,03-07-2021,09-07-2021,"$11,891,000",C,03-07-2021
187,Tower 2A,20,G,482,"13,224,000","27,436",PL1,One_VicTower 2A20G,03-07-2021,09-07-2021,"$12,099,000",D,03-07-2021
188,Tower 2A,21,G,482,"13,308,000","27,610",PL1,One_VicTower 2A21G,03-07-2021,07-07-2021,"$11,511,000",A,03-07-2021
189,Tower 2A,22,G,482,"13,391,000","27,782",PL1,One_VicTower 2A22G,03-07-2021,09-07-2021,"$12,118,000",C,03-07-2021
190,Tower 2B,1,D,457,"11,337,000","24,807",PL1,One_VicTower 2B1D,03-07-2021,09-07-2021,"$10,259,000",C,03-07-2021
191,Tower 2B,1,K,457,"11,271,000","24,663",PL1,One_VicTower 2B1K,03-07-2021,09-07-2021,"$10,200,000",C,03-07-2021
192,Tower 2B,2,D,457,"11,680,000","25,558",PL1,One_VicTower 2B2D,03-07-2021,09-07-2021,"$10,570,000",C,03-07-2021
193,Tower 2B,2,K,457,"11,483,000","25,127",PL1,One_VicTower 2B2K,03-07-2021,09-07-2021,"$10,506,000",D,03-07-2021
194,Tower 2B,3,D,457,"11,759,000","25,731",PL1,One_VicTower 2B3D,03-07-2021,08-07-2021,"$10,289,000",B,03-07-2021
195,Tower 2B,3,K,457,"11,561,000","25,298",PL1,One_VicTower 2B3K,03-07-2021,09-07-2021,"$10,000,000",A,03-07-2021
196,Tower 2B,5,D,457,"11,839,000","25,906",PL1,One_VicTower 2B5D,03-07-2021,06-07-2021,"$10,359,000",B,03-07-2021
197,Tower 2B,5,K,457,"11,641,000","25,473",PL1,One_VicTower 2B5K,03-07-2021,09-07-2021,"$10,069,000",A,03-07-2021
198,Tower 2B,6,D,457,"11,917,000","26,077",PL1,One_VicTower 2B6D,03-07-2021,09-07-2021,"$10,308,000",A,03-07-2021
199,Tower 2B,6,K,457,"11,720,000","25,646",PL1,One_VicTower 2B6K,03-07-2021,09-07-2021,"$10,137,000",A,03-07-2021
200,Tower 2B,7,D,457,"11,997,000","26,252",PL1,One_VicTower 2B7D,03-07-2021,09-07-2021,"$10,377,000",A,03-07-2021
201,Tower 2B,7,K,457,"11,799,000","25,818",PL1,One_VicTower 2B7K,03-07-2021,09-07-2021,"$10,206,000",A,03-07-2021
202,Tower 2B,8,D,457,"12,155,000","26,597",PL1,One_VicTower 2B8D,03-07-2021,09-07-2021,"$11,000,000",C,03-07-2021
203,Tower 2B,8,K,457,"11,958,000","26,166",PL1,One_VicTower 2B8K,03-07-2021,09-07-2021,"$10,821,000",C,03-07-2021
204,Tower 2B,9,D,457,"12,155,000","26,597",PL1,One_VicTower 2B9D,03-07-2021,09-07-2021,"$11,000,000",C,03-07-2021
205,Tower 2B,9,K,457,"11,958,000","26,166",PL1,One_VicTower 2B9K,03-07-2021,09-07-2021,"$10,343,000",A,03-07-2021
206,Tower 2B,10,D,457,"12,234,000","26,770",PL1,One_VicTower 2B10D,03-07-2021,09-07-2021,"$10,582,000",A,03-07-2021
207,Tower 2B,10,K,457,"12,168,000","26,626",PL1,One_VicTower 2B10K,03-07-2021,09-07-2021,"$11,012,000",C,03-07-2021
208,Tower 2B,11,D,457,"12,314,000","26,945",PL1,One_VicTower 2B11D,03-07-2021,09-07-2021,"$11,144,000",C,03-07-2021
209,Tower 2B,12,D,457,"12,392,000","27,116",PL1,One_VicTower 2B12D,03-07-2021,09-07-2021,"$11,214,000",C,03-07-2021
210,Tower 2B,15,D,457,"12,472,000","27,291",PL1,One_VicTower 2B15D,03-07-2021,09-07-2021,"$10,788,000",A,03-07-2021
211,Tower 2B,16,D,457,"12,551,000","27,464",PL1,One_VicTower 2B16D,03-07-2021,09-07-2021,"$11,358,000",C,03-07-2021
212,Tower 1A,1,D,444,"11,355,000","25,574",PL2,One_VicTower 1A1D,03-07-2021,09-07-2021,"$9,822,000",A,03-07-2021
213,Tower 1A,1,E,426,"11,009,000","25,843",PL2,One_VicTower 1A1E,03-07-2021,09-07-2021,"$9,963,000",C,03-07-2021
214,Tower 1A,1,G,765,"20,817,000","27,212",PL2,One_VicTower 1A1G,03-07-2021,09-07-2021,"$18,839,000",C,03-07-2021
215,Tower 1A,2,D,444,"11,699,000","26,349",PL2,One_VicTower 1A2D,03-07-2021,08-07-2021,"$10,587,000",C,03-07-2021
216,Tower 1A,2,E,426,"11,342,000","26,624",PL2,One_VicTower 1A2E,03-07-2021,09-07-2021,"$9,810,000",A,03-07-2021
217,Tower 1A,2,G,765,"21,182,000","27,689",PL2,One_VicTower 1A2G,03-07-2021,09-07-2021,"$18,322,000",A,03-07-2021
218,Tower 1A,3,D,444,"11,910,000","26,824",PL2,One_VicTower 1A3D,03-07-2021,09-07-2021,"$10,302,000",A,03-07-2021
219,Tower 1A,3,E,426,"11,546,000","27,103",PL2,One_VicTower 1A3E,03-07-2021,09-07-2021,"$9,987,000",A,03-07-2021
220,Tower 1A,3,G,765,"21,318,000","27,867",PL2,One_VicTower 1A3G,03-07-2021,09-07-2021,"$18,440,000",A,03-07-2021
221,Tower 1A,5,E,426,"11,624,000","27,286",PL2,One_VicTower 1A5E,03-07-2021,07-07-2021,"$10,054,000",A,03-07-2021
222,Tower 1A,5,G,765,"21,455,000","28,046",PL2,One_VicTower 1A5G,03-07-2021,09-07-2021,"$18,558,000",A,03-07-2021
223,Tower 1A,6,D,444,"12,069,000","27,182",PL2,One_VicTower 1A6D,03-07-2021,09-07-2021,"$10,439,000",A,03-07-2021
224,Tower 1A,6,E,426,"11,700,000","27,465",PL2,One_VicTower 1A6E,03-07-2021,09-07-2021,"$10,588,000",C,03-07-2021
225,Tower 1A,6,G,765,"21,591,000","28,224",PL2,One_VicTower 1A6G,03-07-2021,09-07-2021,"$18,676,000",A,03-07-2021
226,Tower 1A,7,D,444,"12,148,000","27,360",PL2,One_VicTower 1A7D,03-07-2021,06-07-2021,"$10,508,000",A,03-07-2021
227,Tower 1A,7,E,426,"11,777,000","27,646",PL2,One_VicTower 1A7E,03-07-2021,06-07-2021,"$10,658,000",C,03-07-2021
228,Tower 1A,7,G,765,"21,728,000","28,403",PL2,One_VicTower 1A7G,03-07-2021,07-07-2021,"$18,794,000",A,03-07-2021
229,Tower 1A,8,D,444,"12,307,000","27,718",PL2,One_VicTower 1A8D,03-07-2021,07-07-2021,"$11,137,000",C,03-07-2021
230,Tower 1A,8,E,426,"11,931,000","28,007",PL2,One_VicTower 1A8E,03-07-2021,09-07-2021,"$10,797,000",C,03-07-2021
231,Tower 1A,8,G,765,"22,002,000","28,761",PL2,One_VicTower 1A8G,03-07-2021,09-07-2021,"$19,251,000",B,03-07-2021
232,Tower 1A,9,D,444,"12,307,000","27,718",PL2,One_VicTower 1A9D,03-07-2021,08-07-2021,"$11,260,000",D,03-07-2021
233,Tower 1A,9,E,426,"11,931,000","28,007",PL2,One_VicTower 1A9E,03-07-2021,09-07-2021,"$10,797,000",C,03-07-2021
234,Tower 1A,9,G,765,"22,002,000","28,761",PL2,One_VicTower 1A9G,03-07-2021,09-07-2021,"$19,911,000",C,03-07-2021
235,Tower 1A,10,D,444,"12,387,000","27,899",PL2,One_VicTower 1A10D,03-07-2021,09-07-2021,"$10,714,000",A,03-07-2021
236,Tower 1A,10,E,426,"12,007,000","28,185",PL2,One_VicTower 1A10E,03-07-2021,08-07-2021,"$10,866,000",C,03-07-2021
237,Tower 1A,11,D,444,"12,465,000","28,074",PL2,One_VicTower 1A11D,03-07-2021,09-07-2021,"$10,782,000",A,03-07-2021
238,Tower 1A,11,E,426,"12,085,000","28,369",PL2,One_VicTower 1A11E,03-07-2021,09-07-2021,"$10,453,000",A,03-07-2021
239,Tower 1A,12,D,444,"12,545,000","28,255",PL2,One_VicTower 1A12D,03-07-2021,09-07-2021,"$11,353,000",C,03-07-2021
240,Tower 1A,12,E,426,"12,162,000","28,549",PL2,One_VicTower 1A12E,03-07-2021,09-07-2021,"$11,006,000",C,03-07-2021
241,Tower 1A,15,D,444,"12,625,000","28,435",PL2,One_VicTower 1A15D,03-07-2021,09-07-2021,"$10,920,000",A,03-07-2021
242,Tower 1A,16,D,444,"12,703,000","28,610",PL2,One_VicTower 1A16D,03-07-2021,06-07-2021,"$11,623,000",D,03-07-2021
243,Tower 1A,17,C,438,"12,480,000","28,493",PL2,One_VicTower 1A17C,03-07-2021,09-07-2021,"$10,920,000",B,03-07-2021
244,Tower 1A,17,D,444,"12,783,000","28,791",PL2,One_VicTower 1A17D,03-07-2021,07-07-2021,"$11,185,000",B,03-07-2021
245,Tower 1A,18,C,438,"12,636,000","28,849",PL2,One_VicTower 1A18C,03-07-2021,09-07-2021,"$11,435,000",C,03-07-2021
246,Tower 1A,18,D,444,"12,942,000","29,149",PL2,One_VicTower 1A18D,03-07-2021,06-07-2021,"$11,194,000",A,03-07-2021
247,Tower 1A,19,C,438,"12,636,000","28,849",PL2,One_VicTower 1A19C,03-07-2021,09-07-2021,"$11,435,000",C,03-07-2021
248,Tower 1A,20,C,438,"12,715,000","29,030",PL2,One_VicTower 1A20C,03-07-2021,09-07-2021,"$11,634,000",D,03-07-2021
249,Tower 1A,21,B,444,"12,574,000","28,320",PL2,One_VicTower 1A21B,03-07-2021,09-07-2021,"$10,876,000",A,03-07-2021
250,Tower 1A,21,C,438,"12,792,000","29,205",PL2,One_VicTower 1A21C,03-07-2021,09-07-2021,"$11,065,000",A,03-07-2021
251,Tower 1A,22,B,444,"12,653,000","28,498",PL2,One_VicTower 1A22B,03-07-2021,09-07-2021,"$10,944,000",A,03-07-2021
252,Tower 1A,22,C,438,"12,871,000","29,386",PL2,One_VicTower 1A22C,03-07-2021,09-07-2021,"$11,648,000",C,03-07-2021
253,Tower 1A,23,B,444,"12,731,000","28,673",PL2,One_VicTower 1A23B,03-07-2021,09-07-2021,"$11,012,000",A,03-07-2021
254,Tower 1A,25,B,444,"12,810,000","28,851",PL2,One_VicTower 1A25B,03-07-2021,09-07-2021,"$11,593,000",C,03-07-2021
255,Tower 1B,1,G,338,"8,142,000","24,089",PL2,One_VicTower 1B1G,03-07-2021,09-07-2021,"$7,368,000",C,03-07-2021
256,Tower 1B,2,G,338,"8,503,000","25,157",PL2,One_VicTower 1B2G,03-07-2021,09-07-2021,"$7,695,000",C,03-07-2021
257,Tower 1B,3,G,338,"8,765,000","25,932",PL2,One_VicTower 1B3G,03-07-2021,09-07-2021,"$7,581,000",A,03-07-2021
258,Tower 1B,5,G,338,"8,927,000","26,411",PL2,One_VicTower 1B5G,03-07-2021,09-07-2021,"$8,078,000",C,03-07-2021
259,Tower 1B,6,G,338,"8,987,000","26,589",PL2,One_VicTower 1B6G,03-07-2021,08-07-2021,"$8,133,000",C,03-07-2021
260,Tower 1B,7,G,338,"9,047,000","26,766",PL2,One_VicTower 1B7G,03-07-2021,09-07-2021,"$7,825,000",A,03-07-2021
261,Tower 1B,8,G,338,"9,168,000","27,124",PL2,One_VicTower 1B8G,03-07-2021,09-07-2021,"$7,930,000",A,03-07-2021
262,Tower 1B,9,G,338,"9,168,000","27,124",PL2,One_VicTower 1B9G,03-07-2021,09-07-2021,"$8,297,000",C,03-07-2021
263,Tower 1B,10,G,338,"9,228,000","27,302",PL2,One_VicTower 1B10G,03-07-2021,09-07-2021,"$7,982,000",A,03-07-2021
264,Tower 1B,18,F,330,"9,422,000","28,552",PL2,One_VicTower 1B18F,03-07-2021,09-07-2021,"$8,526,000",C,03-07-2021
265,Tower 1B,19,F,330,"9,422,000","28,552",PL2,One_VicTower 1B19F,03-07-2021,09-07-2021,"$8,150,000",A,03-07-2021
266,Tower 1B,20,F,330,"9,481,000","28,730",PL2,One_VicTower 1B20F,03-07-2021,09-07-2021,"$8,201,000",A,03-07-2021
267,Tower 1B,21,E,330,"9,540,000","28,909",PL2,One_VicTower 1B21E,03-07-2021,09-07-2021,"$8,633,000",C,03-07-2021
268,Tower 1B,21,F,330,"9,540,000","28,909",PL2,One_VicTower 1B21F,03-07-2021,09-07-2021,"$8,633,000",C,03-07-2021
269,Tower 1B,22,E,330,"9,599,000","29,088",PL2,One_VicTower 1B22E,03-07-2021,09-07-2021,"$8,687,000",C,03-07-2021
270,Tower 1B,22,F,330,"9,599,000","29,088",PL2,One_VicTower 1B22F,03-07-2021,09-07-2021,"$8,687,000",C,03-07-2021
271,Tower 1B,23,E,330,"9,658,000","29,267",PL2,One_VicTower 1B23E,03-07-2021,09-07-2021,"$8,740,000",C,03-07-2021
272,Tower 1B,23,F,330,"9,658,000","29,267",PL2,One_VicTower 1B23F,03-07-2021,09-07-2021,"$8,740,000",C,03-07-2021
273,Tower 1B,25,E,330,"9,717,000","29,445",PL2,One_VicTower 1B25E,03-07-2021,09-07-2021,"$8,405,000",A,03-07-2021
274,Tower 1B,25,F,330,"9,717,000","29,445",PL2,One_VicTower 1B25F,03-07-2021,09-07-2021,"$8,793,000",C,03-07-2021
275,Tower 1B,26,E,330,"9,776,000","29,624",PL2,One_VicTower 1B26E,03-07-2021,09-07-2021,"$8,847,000",C,03-07-2021
276,Tower 1B,26,F,330,"9,776,000","29,624",PL2,One_VicTower 1B26F,03-07-2021,09-07-2021,"$8,847,000",C,03-07-2021
277,Tower 1B,27,E,330,"9,835,000","29,803",PL2,One_VicTower 1B27E,03-07-2021,09-07-2021,"$8,900,000",C,03-07-2021
278,Tower 1B,27,F,330,"9,835,000","29,803",PL2,One_VicTower 1B27F,03-07-2021,07-07-2021,"$8,900,000",C,03-07-2021
279,Tower 1B,28,F,330,"9,953,000","30,161",PL2,One_VicTower 1B28F,03-07-2021,08-07-2021,"$9,007,000",C,03-07-2021
280,Tower 2A,1,E,332,"8,688,000","26,169",PL2,One_VicTower 2A1E,03-07-2021,09-07-2021,"$7,862,000",C,03-07-2021
281,Tower 2A,2,E,332,"8,946,000","26,946",PL2,One_VicTower 2A2E,03-07-2021,08-07-2021,"$7,738,000",A,03-07-2021
282,Tower 2A,3,E,332,"9,005,000","27,123",PL2,One_VicTower 2A3E,03-07-2021,09-07-2021,"$8,149,000",C,03-07-2021
283,Tower 2A,5,E,332,"9,064,000","27,301",PL2,One_VicTower 2A5E,03-07-2021,09-07-2021,"$8,202,000",C,03-07-2021
284,Tower 2A,6,E,332,"9,123,000","27,479",PL2,One_VicTower 2A6E,03-07-2021,09-07-2021,"$8,256,000",C,03-07-2021
285,Tower 2A,7,E,332,"9,183,000","27,660",PL2,One_VicTower 2A7E,03-07-2021,09-07-2021,"$8,310,000",C,03-07-2021
286,Tower 2A,8,E,332,"9,301,000","28,015",PL2,One_VicTower 2A8E,03-07-2021,09-07-2021,"$8,045,000",A,03-07-2021
287,Tower 2A,9,E,332,"9,301,000","28,015",PL2,One_VicTower 2A9E,03-07-2021,09-07-2021,"$8,045,000",A,03-07-2021
288,Tower 2A,10,E,332,"9,361,000","28,196",PL2,One_VicTower 2A10E,03-07-2021,09-07-2021,"$8,097,000",A,03-07-2021
289,Tower 2A,11,E,332,"9,420,000","28,373",PL2,One_VicTower 2A11E,03-07-2021,09-07-2021,"$8,525,000",C,03-07-2021
290,Tower 2A,12,E,332,"9,479,000","28,551",PL2,One_VicTower 2A12E,03-07-2021,09-07-2021,"$8,199,000",A,03-07-2021
291,Tower 2A,15,E,332,"9,539,000","28,732",PL2,One_VicTower 2A15E,03-07-2021,09-07-2021,"$8,632,000",C,03-07-2021
292,Tower 2A,16,E,332,"9,598,000","28,910",PL2,One_VicTower 2A16E,03-07-2021,09-07-2021,"$8,686,000",C,03-07-2021
293,Tower 2A,17,E,332,"9,657,000","29,087",PL2,One_VicTower 2A17E,03-07-2021,09-07-2021,"$8,739,000",C,03-07-2021
294,Tower 2A,20,F,445,"12,523,000","28,142",PL2,One_VicTower 2A20F,03-07-2021,09-07-2021,"$11,333,000",C,03-07-2021
295,Tower 2A,21,F,445,"12,603,000","28,321",PL2,One_VicTower 2A21F,03-07-2021,09-07-2021,"$10,901,000",A,03-07-2021
296,Tower 2A,22,F,445,"12,681,000","28,497",PL2,One_VicTower 2A22F,03-07-2021,09-07-2021,"$10,969,000",A,03-07-2021
297,Tower 2A,23,F,445,"12,760,000","28,674",PL2,One_VicTower 2A23F,03-07-2021,09-07-2021,"$11,547,000",C,03-07-2021
298,Tower 2A,23,G,482,"13,750,000","28,527",PL2,One_VicTower 2A23G,03-07-2021,09-07-2021,"$12,443,000",C,03-07-2021
299,Tower 2A,25,G,482,"13,835,000","28,703",PL2,One_VicTower 2A25G,03-07-2021,09-07-2021,"$12,520,000",C,03-07-2021
300,Tower 2A,26,G,482,"13,920,000","28,880",PL2,One_VicTower 2A26G,03-07-2021,09-07-2021,"$12,040,000",A,03-07-2021
301,Tower 2A,27,G,482,"14,005,000","29,056",PL2,One_VicTower 2A27G,03-07-2021,09-07-2021,"$12,814,000",D,03-07-2021
302,Tower 2B,1,J,451,"11,736,000","26,022",PL2,One_VicTower 2B1J,03-07-2021,09-07-2021,"$10,738,000",D,03-07-2021
303,Tower 2B,2,J,451,"11,951,000","26,499",PL2,One_VicTower 2B2J,03-07-2021,09-07-2021,"$10,935,000",D,03-07-2021
304,Tower 2B,3,J,451,"12,031,000","26,676",PL2,One_VicTower 2B3J,03-07-2021,09-07-2021,"$10,888,000",C,03-07-2021
305,Tower 2B,5,J,451,"12,111,000","26,854",PL2,One_VicTower 2B5J,03-07-2021,09-07-2021,"$10,476,000",A,03-07-2021
306,Tower 2B,6,J,451,"12,192,000","27,033",PL2,One_VicTower 2B6J,03-07-2021,09-07-2021,"$10,546,000",A,03-07-2021
307,Tower 2B,7,J,451,"12,273,000","27,213",PL2,One_VicTower 2B7J,03-07-2021,09-07-2021,"$11,107,000",C,03-07-2021
308,Tower 2B,8,J,451,"12,434,000","27,570",PL2,One_VicTower 2B8J,03-07-2021,09-07-2021,"$10,755,000",A,03-07-2021
309,Tower 2B,9,J,451,"12,434,000","27,570",PL2,One_VicTower 2B9J,03-07-2021,08-07-2021,"$10,879,000",B,03-07-2021
310,Tower 2B,10,J,451,"12,649,000","28,047",PL2,One_VicTower 2B10J,03-07-2021,09-07-2021,"$11,573,000",D,03-07-2021
311,Tower 2B,11,J,451,"13,132,000","29,118",PL2,One_VicTower 2B11J,03-07-2021,08-07-2021,"$11,490,000",B,03-07-2021
312,Tower 2B,12,J,451,"13,347,000","29,594",PL2,One_VicTower 2B12J,03-07-2021,09-07-2021,"$12,079,000",C,03-07-2021
313,Tower 2B,15,J,451,"13,427,000","29,772",PL2,One_VicTower 2B15J,03-07-2021,09-07-2021,"$11,614,000",A,03-07-2021
314,Tower 2B,16,J,451,"13,508,000","29,951",PL2,One_VicTower 2B16J,03-07-2021,09-07-2021,"$12,224,000",C,03-07-2021
315,Tower 2B,17,J,451,"13,589,000","30,131",PL2,One_VicTower 2B17J,03-07-2021,09-07-2021,"$11,890,000",B,03-07-2021
316,Tower 2B,18,J,451,"13,750,000","30,488",PL2,One_VicTower 2B18J,03-07-2021,08-07-2021,"$12,031,000",B,03-07-2021
317,Tower 1A,10,G,765,"22,366,000","29,237",PL3,One_VicTower 1A10G,03-07-2021,09-07-2021,"$20,241,000",C,03-07-2021
318,Tower 1A,11,G,765,"23,185,000","30,307",PL3,One_VicTower 1A11G,03-07-2021,09-07-2021,"$20,982,000",C,03-07-2021
319,Tower 1A,12,G,765,"23,550,000","30,784",PL3,One_VicTower 1A12G,03-07-2021,09-07-2021,"$20,370,000",A,03-07-2021
320,Tower 1A,15,E,426,"12,239,000","28,730",PL3,One_VicTower 1A15E,03-07-2021,09-07-2021,"$10,586,000",A,03-07-2021
321,Tower 1A,15,G,765,"23,687,000","30,963",PL3,One_VicTower 1A15G,03-07-2021,09-07-2021,"$21,436,000",C,03-07-2021
322,Tower 1A,16,A,643,"19,833,000","30,844",PL3,One_VicTower 1A16A,03-07-2021,09-07-2021,"$17,155,000",A,03-07-2021
323,Tower 1A,16,E,426,"12,316,000","28,911",PL3,One_VicTower 1A16E,03-07-2021,09-07-2021,"$11,145,000",C,03-07-2021
324,Tower 1A,16,G,765,"23,824,000","31,142",PL3,One_VicTower 1A16G,03-07-2021,07-07-2021,"$20,607,000",A,03-07-2021
325,Tower 1A,17,A,643,"19,947,000","31,022",PL3,One_VicTower 1A17A,03-07-2021,09-07-2021,"$18,052,000",C,03-07-2021
326,Tower 1A,17,E,426,"12,392,000","29,089",PL3,One_VicTower 1A17E,03-07-2021,09-07-2021,"$11,214,000",C,03-07-2021
327,Tower 1A,17,G,765,"23,960,000","31,320",PL3,One_VicTower 1A17G,03-07-2021,09-07-2021,"$21,683,000",C,03-07-2021
328,Tower 1A,18,A,643,"20,177,000","31,379",PL3,One_VicTower 1A18A,03-07-2021,09-07-2021,"$18,260,000",C,03-07-2021
329,Tower 1A,18,E,426,"12,546,000","29,451",PL3,One_VicTower 1A18E,03-07-2021,09-07-2021,"$11,354,000",C,03-07-2021
330,Tower 1A,18,G,765,"24,234,000","31,678",PL3,One_VicTower 1A18G,03-07-2021,09-07-2021,"$21,931,000",C,03-07-2021
331,Tower 1A,19,A,643,"20,177,000","31,379",PL3,One_VicTower 1A19A,03-07-2021,09-07-2021,"$18,260,000",C,03-07-2021
332,Tower 1A,19,D,444,"12,942,000","29,149",PL3,One_VicTower 1A19D,03-07-2021,09-07-2021,"$11,194,000",A,03-07-2021
333,Tower 1A,19,G,765,"24,234,000","31,678",PL3,One_VicTower 1A19G,03-07-2021,08-07-2021,"$21,931,000",C,03-07-2021
334,Tower 1A,20,A,643,"20,292,000","31,558",PL3,One_VicTower 1A20A,03-07-2021,09-07-2021,"$17,552,000",A,03-07-2021
335,Tower 1A,20,D,444,"13,021,000","29,327",PL3,One_VicTower 1A20D,03-07-2021,09-07-2021,"$11,784,000",C,03-07-2021
336,Tower 1A,20,G,765,"24,370,000","31,856",PL3,One_VicTower 1A20G,03-07-2021,09-07-2021,"$21,080,000",A,03-07-2021
337,Tower 1A,21,A,643,"20,407,000","31,737",PL3,One_VicTower 1A21A,03-07-2021,09-07-2021,"$17,652,000",A,03-07-2021
338,Tower 1A,21,D,444,"13,100,000","29,505",PL3,One_VicTower 1A21D,03-07-2021,09-07-2021,"$11,855,000",C,03-07-2021
339,Tower 1A,22,A,643,"20,522,000","31,916",PL3,One_VicTower 1A22A,03-07-2021,09-07-2021,"$17,751,000",A,03-07-2021
340,Tower 1A,22,D,444,"13,180,000","29,685",PL3,One_VicTower 1A22D,03-07-2021,09-07-2021,"$11,400,000",A,03-07-2021
341,Tower 1A,23,A,643,"20,636,000","32,093",PL3,One_VicTower 1A23A,03-07-2021,09-07-2021,"$17,850,000",A,03-07-2021
342,Tower 1A,23,C,438,"12,950,000","29,566",PL3,One_VicTower 1A23C,03-07-2021,09-07-2021,"$11,719,000",C,03-07-2021
343,Tower 1A,25,C,438,"13,027,000","29,742",PL3,One_VicTower 1A25C,03-07-2021,08-07-2021,"$11,789,000",C,03-07-2021
344,Tower 1A,26,B,444,"13,021,000","29,327",PL3,One_VicTower 1A26B,03-07-2021,09-07-2021,"$11,784,000",C,03-07-2021
345,Tower 1A,26,C,438,"13,106,000","29,922",PL3,One_VicTower 1A26C,03-07-2021,09-07-2021,"$11,860,000",C,03-07-2021
346,Tower 1A,27,B,444,"13,100,000","29,505",PL3,One_VicTower 1A27B,03-07-2021,09-07-2021,"$11,855,000",C,03-07-2021
347,Tower 1A,27,C,438,"13,184,000","30,100",PL3,One_VicTower 1A27C,03-07-2021,09-07-2021,"$11,404,000",A,03-07-2021
348,Tower 1A,28,B,444,"13,258,000","29,860",PL3,One_VicTower 1A28B,04-07-2021,09-07-2021,"$11,998,000",C,03-07-2021
349,Tower 1A,28,C,438,"13,340,000","30,457",PL3,One_VicTower 1A28C,03-07-2021,08-07-2021,"$12,206,000",D,03-07-2021
350,Tower 1A,29,B,444,"13,258,000","29,860",PL3,One_VicTower 1A29B,04-07-2021,07-07-2021,"$11,468,000",A,03-07-2021
351,Tower 1A,29,C,438,"13,340,000","30,457",PL3,One_VicTower 1A29C,,,,,03-07-2021
352,Tower 1A,30,B,444,"13,338,000","30,041",PL3,One_VicTower 1A30B,,,,,03-07-2021
353,Tower 1A,30,C,438,"13,419,000","30,637",PL3,One_VicTower 1A30C,,,,,03-07-2021
354,Tower 1A,31,B,444,"13,418,000","30,221",PL3,One_VicTower 1A31B,,,,,03-07-2021
355,Tower 1A,31,C,438,"13,496,000","30,813",PL3,One_VicTower 1A31C,,,,,03-07-2021
356,Tower 1A,32,B,444,"13,496,000","30,396",PL3,One_VicTower 1A32B,,,,,03-07-2021
357,Tower 1A,32,C,438,"13,575,000","30,993",PL3,One_VicTower 1A32C,,,,,03-07-2021
358,Tower 1A,33,B,444,"13,576,000","30,577",PL3,One_VicTower 1A33B,,,,,03-07-2021
359,Tower 1A,33,C,438,"13,654,000","31,174",PL3,One_VicTower 1A33C,,,,,03-07-2021
360,Tower 1A,35,B,444,"13,655,000","30,755",PL3,One_VicTower 1A35B,03-07-2021,09-07-2021,"$12,357,000",C,03-07-2021
361,Tower 1A,35,C,438,"13,731,000","31,349",PL3,One_VicTower 1A35C,,,,,03-07-2021
362,Tower 1A,36,B,444,"13,735,000","30,935",PL3,One_VicTower 1A36B,,,,,03-07-2021
363,Tower 1A,36,C,438,"13,810,000","31,530",PL3,One_VicTower 1A36C,,,,,03-07-2021
364,Tower 1B,11,G,338,"9,288,000","27,479",PL3,One_VicTower 1B11G,03-07-2021,09-07-2021,"$8,405,000",C,03-07-2021
365,Tower 1B,12,G,338,"9,348,000","27,657",PL3,One_VicTower 1B12G,03-07-2021,09-07-2021,"$8,459,000",C,03-07-2021
366,Tower 1B,15,G,338,"9,410,000","27,840",PL3,One_VicTower 1B15G,03-07-2021,09-07-2021,"$8,516,000",C,03-07-2021
367,Tower 1B,16,G,338,"9,470,000","28,018",PL3,One_VicTower 1B16G,03-07-2021,09-07-2021,"$8,191,000",A,03-07-2021
368,Tower 1B,17,G,338,"9,530,000","28,195",PL3,One_VicTower 1B17G,03-07-2021,09-07-2021,"$8,243,000",A,03-07-2021
369,Tower 1B,18,C,460,"13,133,000","28,550",PL3,One_VicTower 1B18C,03-07-2021,09-07-2021,"$12,016,000",D,03-07-2021
370,Tower 1B,18,G,338,"9,650,000","28,550",PL3,One_VicTower 1B18G,03-07-2021,09-07-2021,"$8,733,000",C,03-07-2021
371,Tower 1B,19,C,460,"13,133,000","28,550",PL3,One_VicTower 1B19C,03-07-2021,09-07-2021,"$11,885,000",C,03-07-2021
372,Tower 1B,19,G,338,"9,650,000","28,550",PL3,One_VicTower 1B19G,03-07-2021,09-07-2021,"$8,347,000",A,03-07-2021
373,Tower 1B,20,C,460,"13,217,000","28,733",PL3,One_VicTower 1B20C,03-07-2021,09-07-2021,"$11,961,000",C,03-07-2021
374,Tower 1B,20,G,338,"9,711,000","28,731",PL3,One_VicTower 1B20G,03-07-2021,08-07-2021,"$8,885,000",D,03-07-2021
375,Tower 1B,21,C,460,"13,299,000","28,911",PL3,One_VicTower 1B21C,03-07-2021,09-07-2021,"$12,035,000",C,03-07-2021
376,Tower 1B,21,G,338,"9,772,000","28,911",PL3,One_VicTower 1B21G,03-07-2021,09-07-2021,"$8,843,000",C,03-07-2021
377,Tower 1B,22,C,460,"13,381,000","29,089",PL3,One_VicTower 1B22C,03-07-2021,09-07-2021,"$12,109,000",C,03-07-2021
378,Tower 1B,22,G,338,"9,832,000","29,089",PL3,One_VicTower 1B22G,03-07-2021,09-07-2021,"$8,897,000",C,03-07-2021
379,Tower 1B,23,C,460,"13,463,000","29,267",PL3,One_VicTower 1B23C,03-07-2021,09-07-2021,"$11,645,000",A,03-07-2021
380,Tower 1B,23,G,338,"9,892,000","29,266",PL3,One_VicTower 1B23G,03-07-2021,09-07-2021,"$8,952,000",C,03-07-2021
381,Tower 1B,25,C,460,"13,545,000","29,446",PL3,One_VicTower 1B25C,03-07-2021,09-07-2021,"$12,258,000",C,03-07-2021
382,Tower 1B,26,C,460,"13,627,000","29,624",PL3,One_VicTower 1B26C,03-07-2021,09-07-2021,"$12,332,000",C,03-07-2021
383,Tower 1B,27,C,460,"13,709,000","29,802",PL3,One_VicTower 1B27C,03-07-2021,09-07-2021,"$12,406,000",C,03-07-2021
384,Tower 1B,28,C,460,"13,873,000","30,159",PL3,One_VicTower 1B28C,03-07-2021,09-07-2021,"$12,555,000",C,03-07-2021
385,Tower 1B,28,E,330,"9,953,000","30,161",PL3,One_VicTower 1B28E,03-07-2021,09-07-2021,"$8,609,000",A,03-07-2021
386,Tower 1B,29,C,460,"13,873,000","30,159",PL3,One_VicTower 1B29C,03-07-2021,09-07-2021,"$12,555,000",C,03-07-2021
387,Tower 1B,29,E,330,"9,953,000","30,161",PL3,One_VicTower 1B29E,03-07-2021,09-07-2021,"$8,609,000",A,03-07-2021
388,Tower 1B,30,C,460,"13,955,000","30,337",PL3,One_VicTower 1B30C,03-07-2021,09-07-2021,"$12,768,000",D,03-07-2021
389,Tower 1B,30,E,330,"10,012,000","30,339",PL3,One_VicTower 1B30E,03-07-2021,09-07-2021,"$8,660,000",A,03-07-2021
390,Tower 1B,31,C,460,"14,037,000","30,515",PL3,One_VicTower 1B31C,03-07-2021,09-07-2021,"$12,703,000",C,03-07-2021
391,Tower 1B,31,E,330,"10,071,000","30,518",PL3,One_VicTower 1B31E,03-07-2021,09-07-2021,"$8,812,000",B,03-07-2021
392,Tower 1B,32,C,460,"14,120,000","30,696",PL3,One_VicTower 1B32C,03-07-2021,09-07-2021,"$12,778,000",C,03-07-2021
393,Tower 1B,32,E,330,"10,130,000","30,697",PL3,One_VicTower 1B32E,03-07-2021,09-07-2021,"$9,167,000",C,03-07-2021
394,Tower 1B,33,C,460,"14,202,000","30,874",PL3,One_VicTower 1B33C,03-07-2021,09-07-2021,"$12,852,000",C,03-07-2021
395,Tower 1B,33,E,330,"10,189,000","30,876",PL3,One_VicTower 1B33E,03-07-2021,09-07-2021,"$9,221,000",C,03-07-2021
396,Tower 1B,35,C,460,"14,285,000","31,054",PL3,One_VicTower 1B35C,03-07-2021,08-07-2021,"$12,356,000",A,03-07-2021
397,Tower 1B,35,E,330,"10,248,000","31,055",PL3,One_VicTower 1B35E,03-07-2021,09-07-2021,"$9,274,000",C,03-07-2021
398,Tower 1B,36,E,330,"10,307,000","31,233",PL3,One_VicTower 1B36E,03-07-2021,07-07-2021,"$9,327,000",C,03-07-2021
399,Tower 2A,25,F,445,"12,839,000","28,852",PL3,One_VicTower 2A25F,03-07-2021,09-07-2021,"$11,105,000",A,03-07-2021
400,Tower 2A,26,F,445,"12,917,000","29,027",PL3,One_VicTower 2A26F,03-07-2021,09-07-2021,"$11,689,000",C,03-07-2021
401,Tower 2A,27,F,445,"12,996,000","29,204",PL3,One_VicTower 2A27F,03-07-2021,09-07-2021,"$11,891,000",D,03-07-2021
402,Tower 2A,28,F,445,"13,153,000","29,557",PL3,One_VicTower 2A28F,03-07-2021,09-07-2021,"$11,377,000",A,03-07-2021
403,Tower 2A,28,G,482,"14,175,000","29,409",PL3,One_VicTower 2A28G,03-07-2021,09-07-2021,"$12,828,000",C,03-07-2021
404,Tower 2A,29,F,445,"13,153,000","29,557",PL3,One_VicTower 2A29F,03-07-2021,09-07-2021,"$11,377,000",A,03-07-2021
405,Tower 2A,29,G,482,"14,175,000","29,409",PL3,One_VicTower 2A29G,05-07-2021,12-07-2021,"$12,970,000",D,03-07-2021
406,Tower 2A,30,F,445,"13,232,000","29,735",PL3,One_VicTower 2A30F,05-07-2021,12-07-2021,"$11,445,000",A,03-07-2021
407,Tower 2A,30,G,482,"14,261,000","29,587",PL3,One_VicTower 2A30G,04-07-2021,09-07-2021,"$12,906,000",C,03-07-2021
408,Tower 2A,31,F,445,"13,310,000","29,910",PL3,One_VicTower 2A31F,05-07-2021,12-07-2021,"$11,513,000",A,03-07-2021
409,Tower 2A,31,G,482,"14,346,000","29,763",PL3,One_VicTower 2A31G,04-07-2021,09-07-2021,"$12,983,000",C,03-07-2021
410,Tower 2A,32,F,445,"13,389,000","30,088",PL3,One_VicTower 2A32F,,,,,03-07-2021
411,Tower 2A,32,G,482,"14,432,000","29,942",PL3,One_VicTower 2A32G,,,,,03-07-2021
412,Tower 2A,33,F,445,"13,468,000","30,265",PL3,One_VicTower 2A33F,03-07-2021,09-07-2021,"$12,323,000",D,03-07-2021
413,Tower 2A,33,G,482,"14,516,000","30,116",PL3,One_VicTower 2A33G,04-07-2021,09-07-2021,"$12,556,000",A,03-07-2021
414,Tower 2A,35,F,445,"13,546,000","30,440",PL3,One_VicTower 2A35F,,,,,03-07-2021
415,Tower 2A,35,G,482,"14,602,000","30,295",PL3,One_VicTower 2A35G,,,,,03-07-2021
416,Tower 2A,36,F,445,"13,625,000","30,618",PL3,One_VicTower 2A36F,,,,,03-07-2021
417,Tower 2A,36,G,482,"14,687,000","30,471",PL3,One_VicTower 2A36G,,,,,03-07-2021
418,Tower 2B,11,K,457,"13,035,000","28,523",PL3,One_VicTower 2B11K,03-07-2021,09-07-2021,"$11,796,000",C,03-07-2021
419,Tower 2B,12,K,457,"13,253,000","29,000",PL3,One_VicTower 2B12K,03-07-2021,09-07-2021,"$12,126,000",D,03-07-2021
420,Tower 2B,15,K,457,"13,335,000","29,179",PL3,One_VicTower 2B15K,03-07-2021,09-07-2021,"$11,534,000",A,03-07-2021
421,Tower 2B,16,K,457,"13,416,000","29,357",PL3,One_VicTower 2B16K,,,,,03-07-2021
422,Tower 2B,17,D,457,"13,021,000","28,492",PL3,One_VicTower 2B17D,03-07-2021,09-07-2021,"$11,263,000",A,03-07-2021
423,Tower 2B,17,K,457,"13,498,000","29,536",PL3,One_VicTower 2B17K,04-07-2021,08-07-2021,"$11,675,000",A,03-07-2021
424,Tower 2B,18,D,457,"13,184,000","28,849",PL3,One_VicTower 2B18D,03-07-2021,09-07-2021,"$12,063,000",D,03-07-2021
425,Tower 2B,18,K,457,"13,661,000","29,893",PL3,One_VicTower 2B18K,03-07-2021,08-07-2021,"$12,363,000",C,03-07-2021
426,Tower 2B,19,D,457,"13,184,000","28,849",PL3,One_VicTower 2B19D,03-07-2021,09-07-2021,"$11,404,000",A,03-07-2021
427,Tower 2B,20,D,457,"13,266,000","29,028",PL3,One_VicTower 2B20D,03-07-2021,09-07-2021,"$12,005,000",C,03-07-2021
428,Tower 2B,21,D,457,"13,347,000","29,206",PL3,One_VicTower 2B21D,03-07-2021,09-07-2021,"$11,545,000",A,03-07-2021
429,Tower 2B,22,D,457,"13,429,000","29,385",PL3,One_VicTower 2B22D,03-07-2021,09-07-2021,"$12,153,000",C,03-07-2021
430,Tower 2B,23,D,457,"13,511,000","29,565",PL3,One_VicTower 2B23D,03-07-2021,09-07-2021,"$12,362,000",D,03-07-2021
431,Tower 1A,1,F,447,"11,991,000","26,826",PL4,One_VicTower 1A1F,10-07-2021,15-07-2021,"$10,492,000",B,
432,Tower 1A,2,F,447,"12,348,000","27,624",PL4,One_VicTower 1A2F,10-07-2021,16-07-2021,"$11,174,000",C,
433,Tower 1A,3,F,447,"12,568,000","28,116",PL4,One_VicTower 1A3F,10-07-2021,16-07-2021,"$10,871,000",A,
434,Tower 1A,5,F,447,"12,650,000","28,300",PL4,One_VicTower 1A5F,10-07-2021,16-07-2021,"$11,448,000",C,
435,Tower 1A,6,F,447,"12,732,000","28,483",PL4,One_VicTower 1A6F,10-07-2021,15-07-2021,"$11,013,000",A,
436,Tower 1A,7,F,447,"12,814,000","28,667",PL4,One_VicTower 1A7F,10-07-2021,15-07-2021,"$11,084,000",A,
437,Tower 1A,8,F,447,"12,980,000","29,038",PL4,One_VicTower 1A8F,10-07-2021,15-07-2021,"$11,357,000",B,
438,Tower 1A,9,F,447,"12,980,000","29,038",PL4,One_VicTower 1A9F,10-07-2021,16-07-2021,"$11,227,000",A,
439,Tower 1A,10,F,447,"13,062,000","29,221",PL4,One_VicTower 1A10F,10-07-2021,15-07-2021,"$11,429,000",B,
440,Tower 1A,23,D,444,"13,529,000","30,471",PL4,One_VicTower 1A23D,,,,,
441,Tower 1A,25,D,444,"13,610,000","30,653",PL4,One_VicTower 1A25D,,,,,
442,Tower 1A,26,D,444,"13,691,000","30,836",PL4,One_VicTower 1A26D,,,,,
443,Tower 1A,27,D,444,"13,772,000","31,018",PL4,One_VicTower 1A27D,,,,,
444,Tower 1A,28,D,444,"13,933,000","31,381",PL4,One_VicTower 1A28D,,,,,
445,Tower 1A,29,D,444,"13,933,000","31,381",PL4,One_VicTower 1A29D,,,,,
446,Tower 1A,30,D,444,"14,014,000","31,563",PL4,One_VicTower 1A30D,,,,,
447,Tower 1A,31,D,444,"14,095,000","31,745",PL4,One_VicTower 1A31D,,,,,
448,Tower 1A,32,D,444,"14,176,000","31,928",PL4,One_VicTower 1A32D,,,,,
449,Tower 1A,33,D,444,"14,258,000","32,113",PL4,One_VicTower 1A33D,,,,,
450,Tower 1A,35,D,444,"14,339,000","32,295",PL4,One_VicTower 1A35D,,,,,
451,Tower 1A,36,D,444,"14,420,000","32,477",PL4,One_VicTower 1A36D,,,,,
452,Tower 1B,16,H,598,"18,020,000","30,134",PL4,One_VicTower 1B16H,10-07-2021,16-07-2021,"$16,308,000",C,
453,Tower 1B,17,H,598,"18,476,000","30,896",PL4,One_VicTower 1B17H,10-07-2021,16-07-2021,"$16,720,000",C,
454,Tower 1B,18,H,598,"18,694,000","31,261",PL4,One_VicTower 1B18H,10-07-2021,16-07-2021,"$16,918,000",C,
455,Tower 1B,19,H,598,"18,694,000","31,261",PL4,One_VicTower 1B19H,10-07-2021,15-07-2021,"$16,357,000",B,
456,Tower 1B,20,H,598,"18,803,000","31,443",PL4,One_VicTower 1B20H,10-07-2021,16-07-2021,"$17,204,000",D,
457,Tower 1B,21,H,598,"18,913,000","31,627",PL4,One_VicTower 1B21H,,,,,
458,Tower 1B,22,H,598,"19,021,000","31,808",PL4,One_VicTower 1B22H,,,,,
459,Tower 1B,23,H,598,"19,130,000","31,990",PL4,One_VicTower 1B23H,,,,,
460,Tower 1B,25,G,338,"10,155,000","30,044",PL4,One_VicTower 1B25G,10-07-2021,16-07-2021,"$9,190,000",C,
461,Tower 1B,26,G,338,"10,218,000","30,231",PL4,One_VicTower 1B26G,10-07-2021,16-07-2021,"$9,247,000",C,
462,Tower 1B,27,G,338,"10,279,000","30,411",PL4,One_VicTower 1B27G,10-07-2021,16-07-2021,"$9,302,000",C,
463,Tower 1B,28,G,338,"10,402,000","30,775",PL4,One_VicTower 1B28G,10-07-2021,16-07-2021,"$9,413,000",C,
464,Tower 1B,29,F,330,"10,155,000","30,773",PL4,One_VicTower 1B29F,10-07-2021,13-07-2021,"$9,291,000",D,
465,Tower 1B,29,G,338,"10,402,000","30,775",PL4,One_VicTower 1B29G,,,,,
466,Tower 1B,30,F,330,"10,217,000","30,961",PL4,One_VicTower 1B30F,,,,,
467,Tower 1B,30,G,338,"10,464,000","30,959",PL4,One_VicTower 1B30G,,,,,
468,Tower 1B,31,F,330,"10,277,000","31,142",PL4,One_VicTower 1B31F,,,,,
469,Tower 1B,32,F,330,"10,337,000","31,324",PL4,One_VicTower 1B32F,,,,,
470,Tower 1B,33,F,330,"10,397,000","31,506",PL4,One_VicTower 1B33F,,,,,
471,Tower 1B,35,F,330,"10,457,000","31,688",PL4,One_VicTower 1B35F,10-07-2021,16-07-2021,"$9,463,000",C,
472,Tower 1B,36,F,330,"10,517,000","31,870",PL4,One_VicTower 1B36F,,,,,
473,Tower 2A,1,B,766,"22,782,000","29,742",PL4,One_VicTower 2A1B,,,,,
474,Tower 2A,2,B,766,"23,158,000","30,232",PL4,One_VicTower 2A2B,,,,,
475,Tower 2A,3,B,766,"23,299,000","30,416",PL4,One_VicTower 2A3B,,,,,
476,Tower 2A,5,B,766,"23,440,000","30,601",PL4,One_VicTower 2A5B,,,,,
477,Tower 2A,6,B,766,"23,582,000","30,786",PL4,One_VicTower 2A6B,10-07-2021,14-07-2021,"$21,341,000",C,
478,Tower 2A,7,B,766,"23,723,000","30,970",PL4,One_VicTower 2A7B,10-07-2021,16-07-2021,"$20,520,000",A,
479,Tower 2A,8,B,766,"24,005,000","31,338",PL4,One_VicTower 2A8B,,,,,
480,Tower 2A,9,B,766,"24,005,000","31,338",PL4,One_VicTower 2A9B,,,,,
481,Tower 2A,10,B,766,"24,146,000","31,522",PL4,One_VicTower 2A10B,10-07-2021,16-07-2021,"$20,886,000",A,
482,Tower 2A,11,B,766,"24,287,000","31,706",PL4,One_VicTower 2A11B,,,,,
483,Tower 2A,12,B,766,"24,428,000","31,890",PL4,One_VicTower 2A12B,,,,,
484,Tower 2A,15,B,766,"24,569,000","32,074",PL4,One_VicTower 2A15B,,,,,
485,Tower 2A,16,B,766,"24,710,000","32,258",PL4,One_VicTower 2A16B,10-07-2021,16-07-2021,"$21,374,000",A,
486,Tower 2B,1,F,331,"9,235,000","27,900",PL4,One_VicTower 2B1F,10-07-2021,16-07-2021,"$8,080,000",B,
487,Tower 2B,2,F,331,"9,500,000","28,701",PL4,One_VicTower 2B2F,10-07-2021,16-07-2021,"$8,597,000",C,
488,Tower 2B,3,F,331,"9,560,000","28,882",PL4,One_VicTower 2B3F,10-07-2021,16-07-2021,"$8,651,000",C,
489,Tower 2B,5,F,331,"9,621,000","29,066",PL4,One_VicTower 2B5F,10-07-2021,16-07-2021,"$8,707,000",C,
490,Tower 2B,6,F,331,"9,683,000","29,254",PL4,One_VicTower 2B6F,10-07-2021,16-07-2021,"$8,375,000",A,
491,Tower 2B,7,F,331,"9,743,000","29,435",PL4,One_VicTower 2B7F,10-07-2021,16-07-2021,"$8,817,000",C,
492,Tower 2B,8,F,331,"9,865,000","29,804",PL4,One_VicTower 2B8F,10-07-2021,16-07-2021,"$8,533,000",A,
493,Tower 2B,9,F,331,"9,865,000","29,804",PL4,One_VicTower 2B9F,10-07-2021,16-07-2021,"$8,927,000",C,
494,Tower 2B,10,F,331,"9,927,000","29,991",PL4,One_VicTower 2B10F,10-07-2021,16-07-2021,"$8,586,000",A,
495,Tower 2B,11,F,331,"9,987,000","30,172",PL4,One_VicTower 2B11F,10-07-2021,16-07-2021,"$9,138,000",D,
496,Tower 2B,12,F,331,"10,048,000","30,356",PL4,One_VicTower 2B12F,10-07-2021,16-07-2021,"$9,093,000",C,
497,Tower 2B,15,F,331,"10,109,000","30,541",PL4,One_VicTower 2B15F,10-07-2021,16-07-2021,"$8,744,000",A,
498,Tower 2B,16,F,331,"10,169,000","30,722",PL4,One_VicTower 2B16F,10-07-2021,16-07-2021,"$9,202,000",C,
499,Tower 2B,17,F,331,"10,231,000","30,909",PL4,One_VicTower 2B17F,10-07-2021,15-07-2021,"$9,259,000",C,
500,Tower 2B,18,F,331,"10,353,000","31,278",PL4,One_VicTower 2B18F,10-07-2021,16-07-2021,"$9,369,000",C,
501,Tower 2B,19,J,451,"14,031,000","31,111",PL4,One_VicTower 2B19J,,,,,
502,Tower 2B,19,K,457,"13,939,000","30,501",PL4,One_VicTower 2B19K,,,,,
503,Tower 2B,20,J,451,"14,113,000","31,293",PL4,One_VicTower 2B20J,,,,,
504,Tower 2B,20,K,457,"14,022,000","30,683",PL4,One_VicTower 2B20K,,,,,
505,Tower 2B,21,J,451,"14,195,000","31,475",PL4,One_VicTower 2B21J,,,,,
506,Tower 2B,21,K,457,"14,106,000","30,867",PL4,One_VicTower 2B21K,,,,,
507,Tower 2B,22,J,451,"14,277,000","31,656",PL4,One_VicTower 2B22J,,,,,
508,Tower 2B,22,K,457,"14,189,000","31,048",PL4,One_VicTower 2B22K,,,,,
509,Tower 2B,23,J,451,"14,359,000","31,838",PL4,One_VicTower 2B23J,,,,,
510,Tower 2B,23,K,457,"14,272,000","31,230",PL4,One_VicTower 2B23K,,,,,
511,Tower 2B,25,D,457,"13,870,000","30,350",PL4,One_VicTower 2B25D,,,,,
512,Tower 2B,25,J,451,"14,441,000","32,020",PL4,One_VicTower 2B25J,,,,,
513,Tower 2B,25,K,457,"14,355,000","31,411",PL4,One_VicTower 2B25K,,,,,
514,Tower 2B,26,D,457,"13,953,000","30,532",PL4,One_VicTower 2B26D,10-07-2021,16-07-2021,"$12,069,000",A,
515,Tower 2B,26,J,451,"14,523,000","32,202",PL4,One_VicTower 2B26J,,,,,
516,Tower 2B,26,K,457,"14,439,000","31,595",PL4,One_VicTower 2B26K,,,,,
517,Tower 2B,27,D,457,"14,036,000","30,713",PL4,One_VicTower 2B27D,,,,,
518,Tower 2B,27,J,451,"14,606,000","32,386",PL4,One_VicTower 2B27J,,,,,
519,Tower 2B,27,K,457,"14,522,000","31,777",PL4,One_VicTower 2B27K,,,,,
520,Tower 2B,28,D,457,"14,203,000","31,079",PL4,One_VicTower 2B28D,10-07-2021,16-07-2021,"$12,427,000",B,
521,Tower 2B,28,J,451,"14,770,000","32,749",PL4,One_VicTower 2B28J,,,,,
522,Tower 2B,28,K,457,"14,690,000","32,144",PL4,One_VicTower 2B28K,,,,,
523,Tower 2B,29,D,457,"14,203,000","31,079",PL4,One_VicTower 2B29D,,,,,
524,Tower 2B,29,K,457,"14,690,000","32,144",PL4,One_VicTower 2B29K,,,,,
525,Tower 2B,30,D,457,"14,286,000","31,260",PL4,One_VicTower 2B30D,,,,,
526,Tower 2B,30,K,457,"14,773,000","32,326",PL4,One_VicTower 2B30K,,,,,
527,Tower 2B,31,D,457,"14,369,000","31,442",PL4,One_VicTower 2B31D,,,,,
528,Tower 2B,31,K,457,"14,856,000","32,508",PL4,One_VicTower 2B31K,,,,,
529,Tower 2B,32,D,457,"14,453,000","31,626",PL4,One_VicTower 2B32D,,,,,
530,Tower 2B,32,K,457,"14,939,000","32,689",PL4,One_VicTower 2B32K,,,,,
531,Tower 2B,33,D,457,"14,536,000","31,807",PL4,One_VicTower 2B33D,,,,,
532,Tower 2B,33,K,457,"15,022,000","32,871",PL4,One_VicTower 2B33K,,,,,
533,Tower 2B,35,D,457,"14,620,000","31,991",PL4,One_VicTower 2B35D,,,,,
534,Tower 2B,35,K,457,"15,106,000","33,055",PL4,One_VicTower 2B35K,,,,,
535,Tower 2B,36,D,457,"14,703,000","32,173",PL4,One_VicTower 2B36D,,,,,
536,Tower 2B,36,K,457,"15,189,000","33,236",PL4,One_VicTower 2B36K,,,,,
537,Tower 1A,1,H,643,"17,659,000","27,463",PL5,One_VicTower 1A1H,,,,,
538,Tower 1A,2,H,643,"17,972,000","27,950",PL5,One_VicTower 1A2H,,,,,
539,Tower 1A,3,H,643,"18,088,000","28,131",PL5,One_VicTower 1A3H,,,,,
540,Tower 1A,5,H,643,"18,206,000","28,314",PL5,One_VicTower 1A5H,10-07-2021,14-07-2021,"$15,748,000",A,
541,Tower 1A,6,H,643,"18,323,000","28,496",PL5,One_VicTower 1A6H,10-07-2021,16-07-2021,"$16,765,000",D,
542,Tower 1A,7,H,643,"18,441,000","28,680",PL5,One_VicTower 1A7H,10-07-2021,16-07-2021,"$15,951,000",A,
543,Tower 1A,8,H,643,"18,674,000","29,042",PL5,One_VicTower 1A8H,10-07-2021,16-07-2021,"$16,899,000",C,
544,Tower 1A,9,H,643,"18,674,000","29,042",PL5,One_VicTower 1A9H,10-07-2021,16-07-2021,"$17,086,000",D,
545,Tower 1A,10,H,643,"18,988,000","29,530",PL5,One_VicTower 1A10H,10-07-2021,16-07-2021,"$16,424,000",A,
546,Tower 1A,11,F,447,"13,144,000","29,405",PL5,One_VicTower 1A11F,10-07-2021,16-07-2021,"$11,895,000",C,
547,Tower 1A,11,H,643,"19,886,000","30,927",PL5,One_VicTower 1A11H,10-07-2021,16-07-2021,"$17,201,000",A,
548,Tower 1A,12,F,447,"13,226,000","29,588",PL5,One_VicTower 1A12F,10-07-2021,16-07-2021,"$11,572,000",B,
549,Tower 1A,12,H,643,"20,198,000","31,412",PL5,One_VicTower 1A12H,10-07-2021,14-07-2021,"$18,481,000",D,
550,Tower 1A,15,F,447,"13,308,000","29,772",PL5,One_VicTower 1A15F,10-07-2021,16-07-2021,"$12,176,000",D,
551,Tower 1A,15,H,643,"20,316,000","31,596",PL5,One_VicTower 1A15H,10-07-2021,16-07-2021,"$18,385,000",C,
552,Tower 1A,16,F,447,"13,391,000","29,957",PL5,One_VicTower 1A16F,10-07-2021,16-07-2021,"$12,118,000",C,
553,Tower 1A,16,H,643,"20,433,000","31,778",PL5,One_VicTower 1A16H,10-07-2021,16-07-2021,"$17,674,000",A,
554,Tower 1A,17,F,447,"13,473,000","30,141",PL5,One_VicTower 1A17F,10-07-2021,16-07-2021,"$11,654,000",A,
555,Tower 1A,17,H,643,"20,550,000","31,960",PL5,One_VicTower 1A17H,10-07-2021,16-07-2021,"$18,597,000",C,
556,Tower 1A,18,F,447,"13,637,000","30,508",PL5,One_VicTower 1A18F,10-07-2021,16-07-2021,"$11,796,000",A,
557,Tower 1A,18,H,643,"20,784,000","32,323",PL5,One_VicTower 1A18H,10-07-2021,16-07-2021,"$18,809,000",C,
558,Tower 1A,19,E,426,"12,803,000","30,054",PL5,One_VicTower 1A19E,10-07-2021,16-07-2021,"$11,586,000",C,
559,Tower 1A,19,F,447,"13,637,000","30,508",PL5,One_VicTower 1A19F,31-07-2021,06-08-2021,"$11,796,000",A,
560,Tower 1A,20,E,426,"12,880,000","30,235",PL5,One_VicTower 1A20E,10-07-2021,16-07-2021,"$11,656,000",C,
561,Tower 1A,20,F,447,"13,720,000","30,694",PL5,One_VicTower 1A20F,,,,,
562,Tower 1A,21,E,426,"12,959,000","30,420",PL5,One_VicTower 1A21E,22-07-2021,29-07-2021,"$11,727,000",C,
563,Tower 1A,21,F,447,"13,803,000","30,879",PL5,One_VicTower 1A21F,,,,,
564,Tower 1A,21,G,765,"25,007,000","32,689",PL5,One_VicTower 1A21G,10-07-2021,16-07-2021,"$22,631,000",C,
565,Tower 1A,22,E,426,"13,037,000","30,603",PL5,One_VicTower 1A22E,,,,,
566,Tower 1A,22,F,447,"13,885,000","31,063",PL5,One_VicTower 1A22F,,,,,
567,Tower 1A,22,G,765,"25,146,000","32,871",PL5,One_VicTower 1A22G,,,,,
568,Tower 1A,23,E,426,"13,116,000","30,789",PL5,One_VicTower 1A23E,,,,,
569,Tower 1A,23,F,447,"13,967,000","31,246",PL5,One_VicTower 1A23F,,,,,
570,Tower 1A,23,G,765,"25,286,000","33,054",PL5,One_VicTower 1A23G,,,,,
571,Tower 1A,25,A,643,"21,175,000","32,932",PL5,One_VicTower 1A25A,,,,,
572,Tower 1A,25,E,426,"13,195,000","30,974",PL5,One_VicTower 1A25E,,,,,
573,Tower 1A,25,F,447,"14,049,000","31,430",PL5,One_VicTower 1A25F,,,,,
574,Tower 1A,25,G,765,"25,425,000","33,235",PL5,One_VicTower 1A25G,,,,,
575,Tower 1A,26,A,643,"21,293,000","33,115",PL5,One_VicTower 1A26A,,,,,
576,Tower 1A,26,E,426,"13,273,000","31,157",PL5,One_VicTower 1A26E,,,,,
577,Tower 1A,26,F,447,"14,131,000","31,613",PL5,One_VicTower 1A26F,,,,,
578,Tower 1A,26,G,765,"25,565,000","33,418",PL5,One_VicTower 1A26G,,,,,
579,Tower 1A,27,A,643,"21,410,000","33,297",PL5,One_VicTower 1A27A,,,,,
580,Tower 1A,27,E,426,"13,352,000","31,343",PL5,One_VicTower 1A27E,,,,,
581,Tower 1A,27,F,447,"14,214,000","31,799",PL5,One_VicTower 1A27F,,,,,
582,Tower 1A,27,G,765,"25,705,000","33,601",PL5,One_VicTower 1A27G,,,,,
583,Tower 1A,28,A,643,"21,644,000","33,661",PL5,One_VicTower 1A28A,,,,,
584,Tower 1A,28,E,426,"13,508,000","31,709",PL5,One_VicTower 1A28E,,,,,
585,Tower 1A,28,F,447,"14,379,000","32,168",PL5,One_VicTower 1A28F,10-07-2021,16-07-2021,"$13,012,000",C,
586,Tower 1A,28,G,765,"25,983,000","33,965",PL5,One_VicTower 1A28G,,,,,
587,Tower 1A,29,A,643,"21,644,000","33,661",PL5,One_VicTower 1A29A,,,,,
588,Tower 1A,29,E,426,"13,508,000","31,709",PL5,One_VicTower 1A29E,,,,,
589,Tower 1A,29,F,447,"14,379,000","32,168",PL5,One_VicTower 1A29F,,,,,
590,Tower 1A,29,G,765,"25,983,000","33,965",PL5,One_VicTower 1A29G,,,,,
591,Tower 1A,30,A,643,"21,761,000","33,843",PL5,One_VicTower 1A30A,,,,,
592,Tower 1A,30,E,426,"13,587,000","31,894",PL5,One_VicTower 1A30E,,,,,
593,Tower 1A,30,F,447,"14,461,000","32,351",PL5,One_VicTower 1A30F,,,,,
594,Tower 1A,30,G,765,"26,122,000","34,146",PL5,One_VicTower 1A30G,,,,,
595,Tower 1A,31,A,643,"21,878,000","34,025",PL5,One_VicTower 1A31A,,,,,
596,Tower 1A,31,E,426,"13,665,000","32,077",PL5,One_VicTower 1A31E,,,,,
597,Tower 1A,31,F,447,"14,543,000","32,535",PL5,One_VicTower 1A31F,,,,,
598,Tower 1A,31,G,765,"26,262,000","34,329",PL5,One_VicTower 1A31G,,,,,
599,Tower 1A,32,A,643,"21,996,000","34,208",PL5,One_VicTower 1A32A,10-07-2021,16-07-2021,"$19,906,000",C,
600,Tower 1A,32,E,426,"13,744,000","32,263",PL5,One_VicTower 1A32E,,,,,
601,Tower 1A,32,F,447,"14,626,000","32,720",PL5,One_VicTower 1A32F,,,,,
602,Tower 1A,32,G,765,"26,402,000","34,512",PL5,One_VicTower 1A32G,,,,,
603,Tower 1A,33,A,643,"22,113,000","34,390",PL5,One_VicTower 1A33A,,,,,
604,Tower 1A,33,E,426,"13,822,000","32,446",PL5,One_VicTower 1A33E,,,,,
605,Tower 1A,33,F,447,"14,708,000","32,904",PL5,One_VicTower 1A33F,,,,,
606,Tower 1A,33,G,765,"26,540,000","34,693",PL5,One_VicTower 1A33G,,,,,
607,Tower 1A,35,A,643,"22,231,000","34,574",PL5,One_VicTower 1A35A,10-07-2021,16-07-2021,"$20,119,000",C,
608,Tower 1A,35,E,426,"13,901,000","32,631",PL5,One_VicTower 1A35E,,,,,
609,Tower 1A,35,F,447,"14,790,000","33,087",PL5,One_VicTower 1A35F,,,,,
610,Tower 1A,35,G,765,"26,680,000","34,876",PL5,One_VicTower 1A35G,,,,,
611,Tower 1A,36,A,643,"22,347,000","34,754",PL5,One_VicTower 1A36A,,,,,
612,Tower 1A,36,E,426,"13,980,000","32,817",PL5,One_VicTower 1A36E,,,,,
613,Tower 1A,36,F,447,"14,872,000","33,271",PL5,One_VicTower 1A36F,,,,,
614,Tower 1B,20,B,564,"17,820,000","31,596",PL5,One_VicTower 1B20B,,,,,
615,Tower 1B,21,B,564,"17,923,000","31,778",PL5,One_VicTower 1B21B,,,,,
616,Tower 1B,22,B,564,"18,026,000","31,961",PL5,One_VicTower 1B22B,,,,,
617,Tower 1B,23,B,564,"18,128,000","32,142",PL5,One_VicTower 1B23B,,,,,
618,Tower 1B,25,B,564,"18,231,000","32,324",PL5,One_VicTower 1B25B,,,,,
619,Tower 1B,25,H,598,"19,239,000","32,172",PL5,One_VicTower 1B25H,10-07-2021,16-07-2021,"$16,641,000",A,
620,Tower 1B,26,B,564,"18,333,000","32,505",PL5,One_VicTower 1B26B,,,,,
621,Tower 1B,26,H,598,"19,348,000","32,355",PL5,One_VicTower 1B26H,,,,,
622,Tower 1B,27,B,564,"18,436,000","32,688",PL5,One_VicTower 1B27B,,,,,
623,Tower 1B,27,H,598,"19,457,000","32,537",PL5,One_VicTower 1B27H,,,,,
624,Tower 1B,28,B,564,"18,642,000","33,053",PL5,One_VicTower 1B28B,,,,,
625,Tower 1B,28,H,598,"19,676,000","32,903",PL5,One_VicTower 1B28H,,,,,
626,Tower 1B,29,B,564,"18,642,000","33,053",PL5,One_VicTower 1B29B,,,,,
627,Tower 1B,29,H,598,"19,676,000","32,903",PL5,One_VicTower 1B29H,,,,,
628,Tower 1B,30,B,564,"18,745,000","33,236",PL5,One_VicTower 1B30B,,,,,
629,Tower 1B,30,H,598,"19,784,000","33,084",PL5,One_VicTower 1B30H,,,,,
630,Tower 1B,31,B,564,"18,848,000","33,418",PL5,One_VicTower 1B31B,,,,,
631,Tower 1B,31,G,338,"10,525,000","31,139",PL5,One_VicTower 1B31G,,,,,
632,Tower 1B,31,H,598,"19,893,000","33,266",PL5,One_VicTower 1B31H,,,,,
633,Tower 1B,32,B,564,"18,951,000","33,601",PL5,One_VicTower 1B32B,,,,,
634,Tower 1B,32,G,338,"10,587,000","31,322",PL5,One_VicTower 1B32G,10-07-2021,16-07-2021,"$9,581,000",C,
635,Tower 1B,32,H,598,"20,002,000","33,448",PL5,One_VicTower 1B32H,,,,,
636,Tower 1B,33,B,564,"19,225,000","34,087",PL5,One_VicTower 1B33B,,,,,
637,Tower 1B,33,G,338,"10,649,000","31,506",PL5,One_VicTower 1B33G,,,,,
638,Tower 1B,33,H,598,"20,111,000","33,630",PL5,One_VicTower 1B33H,,,,,
639,Tower 1B,35,B,564,"19,328,000","34,270",PL5,One_VicTower 1B35B,,,,,
640,Tower 1B,35,G,338,"10,710,000","31,686",PL5,One_VicTower 1B35G,,,,,
641,Tower 1B,35,H,598,"20,220,000","33,813",PL5,One_VicTower 1B35H,,,,,
642,Tower 1B,36,G,338,"10,772,000","31,870",PL5,One_VicTower 1B36G,,,,,
643,Tower 1B,36,H,598,"20,329,000","33,995",PL5,One_VicTower 1B36H,,,,,
644,Tower 2A,17,B,766,"24,851,000","32,443",PL5,One_VicTower 2A17B,,,,,
645,Tower 2A,18,B,766,"25,133,000","32,811",PL5,One_VicTower 2A18B,,,,,
646,Tower 2A,18,E,332,"9,975,000","30,045",PL5,One_VicTower 2A18E,10-07-2021,16-07-2021,"$9,027,000",C,
647,Tower 2A,19,B,766,"25,133,000","32,811",PL5,One_VicTower 2A19B,,,,,
648,Tower 2A,19,E,332,"9,975,000","30,045",PL5,One_VicTower 2A19E,10-07-2021,16-07-2021,"$9,027,000",C,
649,Tower 2A,20,B,766,"25,274,000","32,995",PL5,One_VicTower 2A20B,12-07-2021,19-07-2021,"$22,872,000",C,
650,Tower 2A,20,E,332,"10,036,000","30,229",PL5,One_VicTower 2A20E,10-07-2021,16-07-2021,"$9,082,000",C,
651,Tower 2A,21,B,766,"25,416,000","33,180",PL5,One_VicTower 2A21B,10-07-2021,16-07-2021,"$23,255,000",D,
652,Tower 2A,21,E,332,"10,096,000","30,410",PL5,One_VicTower 2A21E,10-07-2021,16-07-2021,"$9,136,000",C,
653,Tower 2A,22,B,766,"25,557,000","33,364",PL5,One_VicTower 2A22B,,,,,
654,Tower 2A,22,E,332,"10,157,000","30,593",PL5,One_VicTower 2A22E,10-07-2021,16-07-2021,"$8,887,000",B,
655,Tower 2A,23,B,766,"25,698,000","33,548",PL5,One_VicTower 2A23B,,,,,
656,Tower 2A,23,E,332,"10,218,000","30,777",PL5,One_VicTower 2A23E,10-07-2021,16-07-2021,"$9,247,000",C,
657,Tower 2A,25,B,766,"25,839,000","33,732",PL5,One_VicTower 2A25B,,,,,
658,Tower 2A,25,E,332,"10,278,000","30,958",PL5,One_VicTower 2A25E,10-07-2021,16-07-2021,"$9,301,000",C,
659,Tower 2A,26,B,766,"25,980,000","33,916",PL5,One_VicTower 2A26B,,,,,
660,Tower 2A,26,E,332,"10,338,000","31,139",PL5,One_VicTower 2A26E,10-07-2021,16-07-2021,"$8,942,000",A,
661,Tower 2A,27,B,766,"26,121,000","34,101",PL5,One_VicTower 2A27B,,,,,
662,Tower 2A,27,E,332,"10,399,000","31,322",PL5,One_VicTower 2A27E,10-07-2021,16-07-2021,"$9,411,000",C,
663,Tower 2A,28,B,766,"26,403,000","34,469",PL5,One_VicTower 2A28B,10-07-2021,16-07-2021,"$23,894,000",C,
664,Tower 2A,28,E,332,"10,520,000","31,687",PL5,One_VicTower 2A28E,10-07-2021,16-07-2021,"$9,520,000",C,
665,Tower 2A,29,B,766,"26,403,000","34,469",PL5,One_VicTower 2A29B,10-07-2021,15-07-2021,"$22,838,000",A,
666,Tower 2A,29,E,332,"10,520,000","31,687",PL5,One_VicTower 2A29E,,,,,
667,Tower 2A,30,B,766,"26,544,000","34,653",PL5,One_VicTower 2A30B,10-07-2021,16-07-2021,"$24,287,000",D,
668,Tower 2A,30,E,332,"10,581,000","31,870",PL5,One_VicTower 2A30E,10-07-2021,16-07-2021,"$9,152,000",A,
669,Tower 2A,31,B,766,"26,685,000","34,837",PL5,One_VicTower 2A31B,,,,,
670,Tower 2A,31,E,332,"10,641,000","32,051",PL5,One_VicTower 2A31E,10-07-2021,16-07-2021,"$9,630,000",C,
671,Tower 2A,32,B,766,"26,826,000","35,021",PL5,One_VicTower 2A32B,,,,,
672,Tower 2A,32,E,332,"10,701,000","32,232",PL5,One_VicTower 2A32E,10-07-2021,16-07-2021,"$9,256,000",A,
673,Tower 2A,33,B,766,"26,967,000","35,205",PL5,One_VicTower 2A33B,10-07-2021,15-07-2021,"$23,326,000",A,
674,Tower 2A,33,E,332,"10,762,000","32,416",PL5,One_VicTower 2A33E,,,,,
675,Tower 2A,35,B,766,"27,108,000","35,389",PL5,One_VicTower 2A35B,10-07-2021,16-07-2021,"$24,532,000",C,
676,Tower 2A,35,E,332,"10,822,000","32,596",PL5,One_VicTower 2A35E,,,,,
677,Tower 2A,36,B,766,"27,249,000","35,573",PL5,One_VicTower 2A36B,,,,,
678,Tower 2A,36,E,332,"10,884,000","32,783",PL5,One_VicTower 2A36E,,,,,
679,Tower 2B,29,J,451,"14,770,000","32,749",PL5,One_VicTower 2B29J,,,,,
680,Tower 2B,30,J,451,"14,853,000","32,933",PL5,One_VicTower 2B30J,,,,,
681,Tower 2B,31,J,451,"14,935,000","33,115",PL5,One_VicTower 2B31J,,,,,
682,Tower 2B,32,J,451,"15,017,000","33,297",PL5,One_VicTower 2B32J,,,,,
683,Tower 2B,33,J,451,"15,099,000","33,479",PL5,One_VicTower 2B33J,,,,,
684,Tower 2B,35,J,451,"15,181,000","33,661",PL5,One_VicTower 2B35J,,,,,
